,userNums,winNums,match_pb_num,non_pb_matches,payout
"[60, 9, 50, 13, 20, 5]","[36, 55, 28, 12, 66, 16]",False,0,0
"[60, 9, 50, 13, 20, 5]","[10, 25, 26, 31, 15, 8]",False,0,0
"[60, 9, 50, 13, 20, 5]","[49, 5, 21, 59, 69, 8]",False,0,0
"[60, 9, 50, 13, 20, 5]","[54, 28, 2, 33, 41, 1]",False,0,0
"[60, 9, 50, 13, 20, 5]","[32, 29, 54, 9, 33, 8]",False,1,0
"[60, 9, 50, 13, 20, 5]","[15, 67, 10, 51, 29, 16]",False,0,0
"[60, 9, 50, 13, 20, 5]","[42, 69, 39, 59, 30, 15]",False,0,0
"[60, 9, 50, 13, 20, 5]","[39, 24, 23, 59, 52, 6]",False,0,0
"[60, 9, 50, 13, 20, 5]","[20, 10, 38, 19, 60, 6]",False,2,0
"[60, 9, 50, 13, 20, 5]","[62, 59, 68, 26, 4, 26]",False,0,0
"[60, 9, 50, 13, 20, 5]","[45, 57, 60, 55, 1, 24]",False,1,0
"[60, 9, 50, 13, 20, 5]","[3, 63, 46, 24, 54, 18]",False,0,0
"[60, 9, 50, 13, 20, 5]","[41, 14, 38, 43, 37, 12]",False,0,0
"[60, 9, 50, 13, 20, 5]","[9, 2, 17, 69, 29, 4]",False,1,0
"[60, 9, 50, 13, 20, 5]","[4, 40, 41, 34, 5, 11]",False,0,0
"[60, 9, 50, 13, 20, 5]","[37, 26, 9, 31, 23, 7]",False,1,0
"[60, 9, 50, 13, 20, 5]","[5, 14, 22, 6, 3, 7]",False,0,0
"[60, 9, 50, 13, 20, 5]","[18, 55, 24, 66, 51, 14]",False,0,0
"[60, 9, 50, 13, 20, 5]","[40, 10, 39, 58, 13, 19]",False,1,0
"[60, 9, 50, 13, 20, 5]","[60, 34, 59, 58, 51, 14]",False,1,0
"[60, 9, 50, 13, 20, 5]","[37, 39, 47, 11, 59, 24]",False,0,0
"[60, 9, 50, 13, 20, 5]","[59, 56, 50, 66, 60, 16]",False,2,0
"[60, 9, 50, 13, 20, 5]","[57, 38, 20, 13, 5, 7]",False,2,0
"[60, 9, 50, 13, 20, 5]","[46, 31, 7, 67, 40, 7]",False,0,0
"[60, 9, 50, 13, 20, 5]","[47, 12, 44, 31, 8, 14]",False,0,0
"[60, 9, 50, 13, 20, 5]","[31, 35, 33, 48, 23, 21]",False,0,0
"[60, 9, 50, 13, 20, 5]","[36, 21, 7, 66, 38, 14]",False,0,0
"[60, 9, 50, 13, 20, 5]","[22, 9, 65, 31, 39, 1]",False,1,0
"[60, 9, 50, 13, 20, 5]","[7, 31, 37, 18, 23, 21]",False,0,0
"[60, 9, 50, 13, 20, 5]","[29, 11, 44, 7, 65, 3]",False,0,0
"[60, 9, 50, 13, 20, 5]","[3, 2, 61, 9, 67, 22]",False,1,0
"[60, 9, 50, 13, 20, 5]","[47, 53, 1, 48, 58, 9]",False,0,0
"[60, 9, 50, 13, 20, 5]","[51, 47, 54, 29, 25, 5]",True,0,4
"[60, 9, 50, 13, 20, 5]","[37, 39, 17, 22, 7, 6]",False,0,0
"[60, 9, 50, 13, 20, 5]","[45, 28, 32, 36, 39, 26]",False,0,0
"[60, 9, 50, 13, 20, 5]","[32, 57, 19, 48, 33, 24]",False,0,0
"[60, 9, 50, 13, 20, 5]","[30, 65, 42, 25, 51, 2]",False,0,0
"[60, 9, 50, 13, 20, 5]","[10, 19, 1, 13, 22, 18]",False,1,0
"[60, 9, 50, 13, 20, 5]","[2, 33, 59, 23, 12, 18]",False,0,0
"[60, 9, 50, 13, 20, 5]","[48, 22, 56, 18, 31, 13]",False,0,0
"[60, 9, 50, 13, 20, 5]","[57, 2, 17, 58, 20, 13]",False,1,0
"[60, 9, 50, 13, 20, 5]","[19, 37, 52, 60, 14, 6]",False,1,0
"[60, 9, 50, 13, 20, 5]","[15, 62, 6, 18, 57, 3]",False,0,0
"[60, 9, 50, 13, 20, 5]","[24, 35, 53, 8, 1, 10]",False,0,0
"[60, 9, 50, 13, 20, 5]","[3, 30, 21, 22, 4, 16]",False,0,0
"[60, 9, 50, 13, 20, 5]","[57, 65, 19, 12, 56, 3]",False,0,0
"[60, 9, 50, 13, 20, 5]","[31, 53, 62, 13, 66, 8]",False,1,0
"[60, 9, 50, 13, 20, 5]","[3, 57, 51, 58, 16, 14]",False,0,0
"[60, 9, 50, 13, 20, 5]","[40, 65, 46, 2, 23, 18]",False,0,0
"[60, 9, 50, 13, 20, 5]","[54, 67, 28, 11, 51, 5]",True,0,4
"[60, 9, 50, 13, 20, 5]","[35, 34, 49, 33, 25, 7]",False,0,0
"[60, 9, 50, 13, 20, 5]","[39, 55, 27, 19, 6, 7]",False,0,0
"[60, 9, 50, 13, 20, 5]","[26, 59, 48, 57, 29, 5]",True,0,4
"[60, 9, 50, 13, 20, 5]","[57, 42, 22, 63, 46, 5]",True,0,4
"[60, 9, 50, 13, 20, 5]","[43, 52, 40, 10, 37, 13]",False,0,0
"[60, 9, 50, 13, 20, 5]","[24, 47, 19, 33, 4, 20]",False,0,0
"[60, 9, 50, 13, 20, 5]","[65, 66, 32, 25, 7, 18]",False,0,0
"[60, 9, 50, 13, 20, 5]","[9, 38, 10, 60, 59, 22]",False,2,0
"[60, 9, 50, 13, 20, 5]","[52, 24, 19, 25, 3, 10]",False,0,0
"[60, 9, 50, 13, 20, 5]","[7, 51, 20, 42, 53, 9]",False,1,0
"[60, 9, 50, 13, 20, 5]","[46, 53, 68, 14, 40, 20]",False,0,0
"[60, 9, 50, 13, 20, 5]","[15, 34, 37, 68, 61, 18]",False,0,0
"[60, 9, 50, 13, 20, 5]","[32, 68, 65, 48, 11, 6]",False,0,0
"[60, 9, 50, 13, 20, 5]","[23, 8, 11, 43, 50, 1]",False,1,0
"[60, 9, 50, 13, 20, 5]","[9, 41, 62, 46, 40, 25]",False,1,0
"[60, 9, 50, 13, 20, 5]","[63, 6, 9, 10, 14, 18]",False,1,0
"[60, 9, 50, 13, 20, 5]","[45, 27, 66, 49, 29, 22]",False,0,0
"[60, 9, 50, 13, 20, 5]","[22, 61, 12, 54, 39, 17]",False,0,0
"[60, 9, 50, 13, 20, 5]","[35, 24, 9, 12, 67, 9]",False,1,0
"[60, 9, 50, 13, 20, 5]","[24, 16, 9, 22, 15, 26]",False,1,0
"[60, 9, 50, 13, 20, 5]","[66, 16, 19, 31, 34, 25]",False,0,0
"[60, 9, 50, 13, 20, 5]","[36, 65, 29, 26, 50, 5]",True,1,4
"[60, 9, 50, 13, 20, 5]","[33, 49, 67, 65, 5, 6]",False,0,0
"[60, 9, 50, 13, 20, 5]","[67, 13, 33, 1, 9, 15]",False,2,0
"[60, 9, 50, 13, 20, 5]","[33, 51, 36, 50, 8, 22]",False,1,0
"[60, 9, 50, 13, 20, 5]","[40, 67, 28, 14, 20, 14]",False,1,0
"[60, 9, 50, 13, 20, 5]","[20, 19, 42, 30, 31, 12]",False,1,0
"[60, 9, 50, 13, 20, 5]","[18, 44, 39, 69, 60, 23]",False,1,0
"[60, 9, 50, 13, 20, 5]","[43, 6, 36, 25, 19, 14]",False,0,0
"[60, 9, 50, 13, 20, 5]","[1, 23, 35, 15, 14, 3]",False,0,0
"[60, 9, 50, 13, 20, 5]","[3, 4, 34, 26, 10, 8]",False,0,0
"[60, 9, 50, 13, 20, 5]","[10, 13, 37, 44, 17, 13]",False,1,0
"[60, 9, 50, 13, 20, 5]","[10, 2, 21, 20, 52, 16]",False,1,0
"[60, 9, 50, 13, 20, 5]","[11, 27, 12, 35, 60, 19]",False,1,0
"[60, 9, 50, 13, 20, 5]","[62, 51, 3, 11, 61, 8]",False,0,0
"[60, 9, 50, 13, 20, 5]","[14, 52, 41, 43, 3, 20]",False,0,0
"[60, 9, 50, 13, 20, 5]","[57, 62, 24, 18, 36, 9]",False,0,0
"[60, 9, 50, 13, 20, 5]","[59, 50, 60, 13, 45, 3]",False,3,7
"[60, 9, 50, 13, 20, 5]","[64, 38, 19, 9, 65, 2]",False,1,0
"[60, 9, 50, 13, 20, 5]","[58, 69, 28, 35, 16, 21]",False,0,0
"[60, 9, 50, 13, 20, 5]","[32, 46, 62, 67, 15, 7]",False,0,0
"[60, 9, 50, 13, 20, 5]","[42, 57, 24, 31, 54, 23]",False,0,0
"[60, 9, 50, 13, 20, 5]","[47, 61, 43, 21, 46, 7]",False,0,0
"[60, 9, 50, 13, 20, 5]","[39, 41, 29, 30, 37, 20]",False,0,0
"[60, 9, 50, 13, 20, 5]","[60, 1, 2, 3, 58, 2]",False,1,0
"[60, 9, 50, 13, 20, 5]","[40, 33, 54, 35, 21, 5]",True,0,4
"[60, 9, 50, 13, 20, 5]","[63, 46, 27, 13, 19, 14]",False,1,0
"[60, 9, 50, 13, 20, 5]","[34, 22, 61, 24, 16, 8]",False,0,0
"[60, 9, 50, 13, 20, 5]","[32, 49, 57, 58, 10, 7]",False,0,0
"[60, 9, 50, 13, 20, 5]","[30, 27, 61, 31, 52, 18]",False,0,0
"[60, 9, 50, 13, 20, 5]","[47, 45, 15, 48, 56, 3]",False,0,0
"[60, 9, 50, 13, 20, 5]","[12, 16, 59, 4, 46, 9]",False,0,0
"[60, 9, 50, 13, 20, 5]","[26, 51, 37, 29, 15, 17]",False,0,0
"[60, 9, 50, 13, 20, 5]","[59, 22, 26, 55, 6, 12]",False,0,0
"[60, 9, 50, 13, 20, 5]","[69, 34, 5, 42, 3, 9]",False,0,0
"[60, 9, 50, 13, 20, 5]","[40, 28, 65, 55, 59, 26]",False,0,0
"[60, 9, 50, 13, 20, 5]","[25, 30, 27, 67, 7, 25]",False,0,0
"[60, 9, 50, 13, 20, 5]","[19, 58, 5, 21, 10, 1]",False,0,0
"[60, 9, 50, 13, 20, 5]","[52, 9, 55, 59, 33, 11]",False,1,0
"[60, 9, 50, 13, 20, 5]","[30, 43, 54, 28, 52, 6]",False,0,0
"[60, 9, 50, 13, 20, 5]","[36, 37, 67, 15, 50, 14]",False,1,0
"[60, 9, 50, 13, 20, 5]","[15, 5, 57, 50, 14, 4]",False,1,0
"[60, 9, 50, 13, 20, 5]","[30, 40, 38, 29, 16, 14]",False,0,0
"[60, 9, 50, 13, 20, 5]","[16, 25, 2, 32, 48, 2]",False,0,0
"[60, 9, 50, 13, 20, 5]","[9, 34, 35, 55, 52, 2]",False,1,0
"[60, 9, 50, 13, 20, 5]","[35, 21, 5, 31, 16, 3]",False,0,0
"[60, 9, 50, 13, 20, 5]","[11, 23, 68, 40, 43, 24]",False,0,0
"[60, 9, 50, 13, 20, 5]","[67, 47, 44, 34, 21, 15]",False,0,0
"[60, 9, 50, 13, 20, 5]","[3, 20, 47, 5, 62, 9]",False,1,0
"[60, 9, 50, 13, 20, 5]","[48, 55, 9, 17, 60, 23]",False,2,0
"[60, 9, 50, 13, 20, 5]","[8, 7, 57, 14, 25, 4]",False,0,0
"[60, 9, 50, 13, 20, 5]","[36, 10, 14, 53, 69, 14]",False,0,0
"[60, 9, 50, 13, 20, 5]","[14, 23, 17, 54, 52, 7]",False,0,0
"[60, 9, 50, 13, 20, 5]","[2, 5, 33, 40, 28, 8]",False,0,0
"[60, 9, 50, 13, 20, 5]","[66, 69, 23, 43, 34, 25]",False,0,0
"[60, 9, 50, 13, 20, 5]","[69, 31, 12, 55, 21, 16]",False,0,0
"[60, 9, 50, 13, 20, 5]","[64, 12, 36, 25, 26, 4]",False,0,0
"[60, 9, 50, 13, 20, 5]","[61, 36, 7, 65, 58, 7]",False,0,0
"[60, 9, 50, 13, 20, 5]","[21, 60, 32, 28, 8, 17]",False,1,0
"[60, 9, 50, 13, 20, 5]","[60, 67, 47, 13, 12, 11]",False,2,0
"[60, 9, 50, 13, 20, 5]","[64, 45, 40, 57, 62, 11]",False,0,0
"[60, 9, 50, 13, 20, 5]","[13, 20, 54, 5, 69, 26]",False,2,0
"[60, 9, 50, 13, 20, 5]","[57, 35, 47, 11, 6, 8]",False,0,0
"[60, 9, 50, 13, 20, 5]","[64, 52, 24, 9, 29, 16]",False,1,0
"[60, 9, 50, 13, 20, 5]","[61, 9, 54, 14, 67, 21]",False,1,0
"[60, 9, 50, 13, 20, 5]","[3, 33, 41, 45, 48, 24]",False,0,0
"[60, 9, 50, 13, 20, 5]","[22, 4, 11, 27, 9, 11]",False,1,0
"[60, 9, 50, 13, 20, 5]","[40, 12, 9, 30, 57, 17]",False,1,0
"[60, 9, 50, 13, 20, 5]","[12, 35, 65, 9, 52, 18]",False,1,0
"[60, 9, 50, 13, 20, 5]","[21, 42, 20, 60, 27, 21]",False,2,0
"[60, 9, 50, 13, 20, 5]","[60, 42, 50, 24, 30, 24]",False,2,0
"[60, 9, 50, 13, 20, 5]","[32, 36, 51, 60, 68, 9]",False,1,0
"[60, 9, 50, 13, 20, 5]","[26, 52, 20, 56, 41, 24]",False,1,0
"[60, 9, 50, 13, 20, 5]","[39, 64, 37, 11, 55, 8]",False,0,0
"[60, 9, 50, 13, 20, 5]","[52, 24, 29, 22, 23, 14]",False,0,0
"[60, 9, 50, 13, 20, 5]","[25, 33, 32, 27, 42, 14]",False,0,0
"[60, 9, 50, 13, 20, 5]","[34, 41, 22, 47, 2, 8]",False,0,0
"[60, 9, 50, 13, 20, 5]","[40, 41, 12, 4, 52, 26]",False,0,0
"[60, 9, 50, 13, 20, 5]","[1, 31, 35, 39, 22, 9]",False,0,0
"[60, 9, 50, 13, 20, 5]","[22, 24, 69, 52, 37, 15]",False,0,0
"[60, 9, 50, 13, 20, 5]","[52, 5, 37, 19, 18, 7]",False,0,0
"[60, 9, 50, 13, 20, 5]","[10, 60, 55, 22, 53, 17]",False,1,0
"[60, 9, 50, 13, 20, 5]","[47, 31, 22, 53, 17, 3]",False,0,0
"[60, 9, 50, 13, 20, 5]","[4, 2, 7, 5, 25, 4]",False,0,0
"[60, 9, 50, 13, 20, 5]","[53, 63, 21, 50, 55, 3]",False,1,0
"[60, 9, 50, 13, 20, 5]","[52, 46, 11, 26, 61, 2]",False,0,0
"[60, 9, 50, 13, 20, 5]","[34, 42, 7, 32, 18, 19]",False,0,0
"[60, 9, 50, 13, 20, 5]","[22, 35, 42, 31, 1, 19]",False,0,0
"[60, 9, 50, 13, 20, 5]","[23, 18, 7, 24, 48, 20]",False,0,0
"[60, 9, 50, 13, 20, 5]","[31, 9, 4, 57, 5, 11]",False,1,0
"[60, 9, 50, 13, 20, 5]","[25, 5, 18, 19, 36, 8]",False,0,0
"[60, 9, 50, 13, 20, 5]","[52, 36, 42, 68, 66, 13]",False,0,0
"[60, 9, 50, 13, 20, 5]","[49, 50, 9, 53, 43, 10]",False,2,0
"[60, 9, 50, 13, 20, 5]","[36, 18, 4, 63, 15, 22]",False,0,0
"[60, 9, 50, 13, 20, 5]","[54, 38, 57, 51, 49, 26]",False,0,0
"[60, 9, 50, 13, 20, 5]","[29, 9, 44, 61, 60, 10]",False,2,0
"[60, 9, 50, 13, 20, 5]","[53, 30, 31, 46, 52, 2]",False,0,0
"[60, 9, 50, 13, 20, 5]","[21, 18, 22, 40, 25, 10]",False,0,0
"[60, 9, 50, 13, 20, 5]","[64, 39, 24, 58, 19, 11]",False,0,0
"[60, 9, 50, 13, 20, 5]","[31, 56, 19, 8, 47, 10]",False,0,0
"[60, 9, 50, 13, 20, 5]","[1, 37, 39, 40, 34, 16]",False,0,0
"[60, 9, 50, 13, 20, 5]","[60, 33, 68, 14, 43, 23]",False,1,0
"[60, 9, 50, 13, 20, 5]","[33, 44, 27, 58, 20, 22]",False,1,0
"[60, 9, 50, 13, 20, 5]","[55, 7, 2, 11, 42, 18]",False,0,0
"[60, 9, 50, 13, 20, 5]","[24, 43, 51, 27, 20, 26]",False,1,0
"[60, 9, 50, 13, 20, 5]","[29, 26, 38, 37, 68, 20]",False,0,0
"[60, 9, 50, 13, 20, 5]","[7, 26, 30, 2, 33, 13]",False,0,0
"[60, 9, 50, 13, 20, 5]","[28, 51, 24, 66, 27, 2]",False,0,0
"[60, 9, 50, 13, 20, 5]","[58, 68, 31, 28, 35, 10]",False,0,0
"[60, 9, 50, 13, 20, 5]","[28, 69, 21, 41, 10, 1]",False,0,0
"[60, 9, 50, 13, 20, 5]","[46, 11, 31, 25, 17, 6]",False,0,0
"[60, 9, 50, 13, 20, 5]","[40, 32, 23, 35, 11, 26]",False,0,0
"[60, 9, 50, 13, 20, 5]","[21, 45, 24, 28, 9, 11]",False,1,0
"[60, 9, 50, 13, 20, 5]","[42, 9, 25, 57, 68, 8]",False,1,0
"[60, 9, 50, 13, 20, 5]","[14, 11, 67, 49, 23, 1]",False,0,0
"[60, 9, 50, 13, 20, 5]","[4, 28, 37, 58, 65, 12]",False,0,0
"[60, 9, 50, 13, 20, 5]","[46, 10, 17, 26, 16, 22]",False,0,0
"[60, 9, 50, 13, 20, 5]","[18, 14, 60, 20, 64, 22]",False,2,0
"[60, 9, 50, 13, 20, 5]","[62, 51, 10, 1, 17, 8]",False,0,0
"[60, 9, 50, 13, 20, 5]","[33, 34, 68, 46, 10, 19]",False,0,0
"[60, 9, 50, 13, 20, 5]","[49, 16, 44, 60, 1, 1]",False,1,0
"[60, 9, 50, 13, 20, 5]","[5, 35, 41, 40, 2, 17]",False,0,0
"[60, 9, 50, 13, 20, 5]","[15, 46, 45, 17, 59, 14]",False,0,0
"[60, 9, 50, 13, 20, 5]","[10, 63, 53, 9, 20, 7]",False,2,0
"[60, 9, 50, 13, 20, 5]","[17, 29, 4, 50, 11, 12]",False,1,0
"[60, 9, 50, 13, 20, 5]","[20, 34, 14, 49, 4, 8]",False,1,0
"[60, 9, 50, 13, 20, 5]","[41, 55, 68, 15, 43, 1]",False,0,0
"[60, 9, 50, 13, 20, 5]","[31, 67, 1, 53, 11, 7]",False,0,0
"[60, 9, 50, 13, 20, 5]","[35, 49, 9, 5, 69, 11]",False,1,0
"[60, 9, 50, 13, 20, 5]","[59, 62, 32, 3, 1, 26]",False,0,0
"[60, 9, 50, 13, 20, 5]","[8, 2, 10, 57, 11, 11]",False,0,0
"[60, 9, 50, 13, 20, 5]","[60, 34, 58, 51, 18, 10]",False,1,0
"[60, 9, 50, 13, 20, 5]","[52, 1, 61, 16, 42, 4]",False,0,0
"[60, 9, 50, 13, 20, 5]","[12, 36, 33, 4, 30, 13]",False,0,0
"[60, 9, 50, 13, 20, 5]","[9, 63, 44, 55, 2, 26]",False,1,0
"[60, 9, 50, 13, 20, 5]","[11, 17, 57, 65, 20, 4]",False,1,0
"[60, 9, 50, 13, 20, 5]","[48, 2, 16, 43, 28, 24]",False,0,0
"[60, 9, 50, 13, 20, 5]","[19, 61, 39, 56, 24, 21]",False,0,0
"[60, 9, 50, 13, 20, 5]","[50, 22, 31, 47, 9, 3]",False,2,0
"[60, 9, 50, 13, 20, 5]","[60, 23, 18, 9, 37, 18]",False,2,0
"[60, 9, 50, 13, 20, 5]","[59, 10, 68, 32, 54, 24]",False,0,0
"[60, 9, 50, 13, 20, 5]","[56, 69, 66, 20, 15, 17]",False,1,0
"[60, 9, 50, 13, 20, 5]","[50, 43, 3, 41, 11, 17]",False,1,0
"[60, 9, 50, 13, 20, 5]","[23, 62, 47, 18, 69, 10]",False,0,0
"[60, 9, 50, 13, 20, 5]","[56, 23, 59, 37, 2, 7]",False,0,0
"[60, 9, 50, 13, 20, 5]","[27, 61, 44, 3, 2, 16]",False,0,0
"[60, 9, 50, 13, 20, 5]","[37, 16, 57, 34, 63, 19]",False,0,0
"[60, 9, 50, 13, 20, 5]","[40, 6, 3, 64, 18, 5]",True,0,4
"[60, 9, 50, 13, 20, 5]","[68, 26, 20, 10, 47, 16]",False,1,0
"[60, 9, 50, 13, 20, 5]","[45, 3, 29, 62, 6, 21]",False,0,0
"[60, 9, 50, 13, 20, 5]","[20, 2, 49, 62, 9, 11]",False,2,0
"[60, 9, 50, 13, 20, 5]","[17, 18, 56, 14, 23, 21]",False,0,0
"[60, 9, 50, 13, 20, 5]","[36, 20, 21, 15, 63, 16]",False,1,0
"[60, 9, 50, 13, 20, 5]","[29, 62, 21, 2, 30, 5]",True,0,4
"[60, 9, 50, 13, 20, 5]","[58, 3, 30, 51, 18, 1]",False,0,0
"[60, 9, 50, 13, 20, 5]","[60, 21, 20, 8, 40, 23]",False,2,0
"[60, 9, 50, 13, 20, 5]","[1, 32, 61, 67, 69, 14]",False,0,0
"[60, 9, 50, 13, 20, 5]","[60, 25, 53, 9, 63, 25]",False,2,0
"[60, 9, 50, 13, 20, 5]","[14, 34, 27, 15, 21, 2]",False,0,0
"[60, 9, 50, 13, 20, 5]","[40, 53, 20, 46, 41, 22]",False,1,0
"[60, 9, 50, 13, 20, 5]","[69, 49, 7, 19, 68, 15]",False,0,0
"[60, 9, 50, 13, 20, 5]","[24, 60, 1, 30, 28, 21]",False,1,0
"[60, 9, 50, 13, 20, 5]","[10, 33, 35, 23, 52, 9]",False,0,0
"[60, 9, 50, 13, 20, 5]","[55, 54, 21, 40, 30, 4]",False,0,0
"[60, 9, 50, 13, 20, 5]","[35, 25, 62, 29, 2, 17]",False,0,0
"[60, 9, 50, 13, 20, 5]","[20, 13, 22, 61, 55, 24]",False,2,0
"[60, 9, 50, 13, 20, 5]","[29, 40, 18, 25, 15, 26]",False,0,0
"[60, 9, 50, 13, 20, 5]","[61, 25, 56, 57, 52, 2]",False,0,0
"[60, 9, 50, 13, 20, 5]","[63, 17, 24, 57, 37, 4]",False,0,0
"[60, 9, 50, 13, 20, 5]","[15, 39, 18, 13, 21, 16]",False,1,0
"[60, 9, 50, 13, 20, 5]","[20, 68, 52, 19, 48, 15]",False,1,0
"[60, 9, 50, 13, 20, 5]","[54, 17, 20, 61, 21, 20]",False,1,0
"[60, 9, 50, 13, 20, 5]","[18, 47, 19, 46, 69, 8]",False,0,0
"[60, 9, 50, 13, 20, 5]","[52, 62, 60, 56, 13, 25]",False,2,0
"[60, 9, 50, 13, 20, 5]","[5, 29, 52, 36, 21, 19]",False,0,0
"[60, 9, 50, 13, 20, 5]","[18, 8, 49, 20, 55, 23]",False,1,0
"[60, 9, 50, 13, 20, 5]","[38, 10, 53, 41, 51, 17]",False,0,0
"[60, 9, 50, 13, 20, 5]","[27, 20, 53, 9, 30, 24]",False,2,0
"[60, 9, 50, 13, 20, 5]","[45, 41, 68, 14, 60, 18]",False,1,0
"[60, 9, 50, 13, 20, 5]","[64, 21, 66, 63, 47, 5]",True,0,4
"[60, 9, 50, 13, 20, 5]","[66, 52, 16, 65, 41, 24]",False,0,0
"[60, 9, 50, 13, 20, 5]","[63, 59, 43, 20, 1, 22]",False,1,0
"[60, 9, 50, 13, 20, 5]","[45, 66, 44, 11, 43, 25]",False,0,0
"[60, 9, 50, 13, 20, 5]","[2, 9, 67, 43, 23, 13]",False,1,0
"[60, 9, 50, 13, 20, 5]","[3, 23, 42, 38, 59, 3]",False,0,0
"[60, 9, 50, 13, 20, 5]","[42, 11, 19, 22, 18, 4]",False,0,0
"[60, 9, 50, 13, 20, 5]","[58, 46, 29, 42, 24, 24]",False,0,0
"[60, 9, 50, 13, 20, 5]","[38, 16, 39, 15, 10, 16]",False,0,0
"[60, 9, 50, 13, 20, 5]","[49, 37, 22, 66, 62, 17]",False,0,0
"[60, 9, 50, 13, 20, 5]","[11, 8, 51, 2, 40, 3]",False,0,0
"[60, 9, 50, 13, 20, 5]","[9, 36, 59, 19, 27, 24]",False,1,0
"[60, 9, 50, 13, 20, 5]","[64, 61, 65, 15, 9, 21]",False,1,0
"[60, 9, 50, 13, 20, 5]","[6, 12, 53, 48, 28, 8]",False,0,0
"[60, 9, 50, 13, 20, 5]","[45, 64, 60, 7, 33, 12]",False,1,0
"[60, 9, 50, 13, 20, 5]","[48, 21, 54, 68, 47, 18]",False,0,0
"[60, 9, 50, 13, 20, 5]","[11, 24, 64, 60, 29, 10]",False,1,0
"[60, 9, 50, 13, 20, 5]","[51, 50, 39, 18, 23, 3]",False,1,0
"[60, 9, 50, 13, 20, 5]","[61, 28, 21, 49, 2, 13]",False,0,0
"[60, 9, 50, 13, 20, 5]","[24, 69, 39, 11, 50, 13]",False,1,0
"[60, 9, 50, 13, 20, 5]","[4, 50, 8, 30, 55, 17]",False,1,0
"[60, 9, 50, 13, 20, 5]","[46, 9, 18, 30, 14, 16]",False,1,0
"[60, 9, 50, 13, 20, 5]","[45, 40, 26, 34, 10, 20]",False,0,0
"[60, 9, 50, 13, 20, 5]","[60, 61, 12, 45, 59, 22]",False,1,0
"[60, 9, 50, 13, 20, 5]","[47, 31, 1, 23, 6, 16]",False,0,0
"[60, 9, 50, 13, 20, 5]","[50, 3, 42, 17, 44, 11]",False,1,0
"[60, 9, 50, 13, 20, 5]","[27, 43, 69, 64, 40, 1]",False,0,0
"[60, 9, 50, 13, 20, 5]","[7, 34, 32, 67, 17, 15]",False,0,0
"[60, 9, 50, 13, 20, 5]","[34, 55, 56, 15, 68, 23]",False,0,0
"[60, 9, 50, 13, 20, 5]","[68, 32, 44, 8, 29, 8]",False,0,0
"[60, 9, 50, 13, 20, 5]","[53, 31, 8, 56, 4, 1]",False,0,0
"[60, 9, 50, 13, 20, 5]","[55, 27, 52, 35, 29, 3]",False,0,0
"[60, 9, 50, 13, 20, 5]","[41, 30, 25, 39, 22, 3]",False,0,0
"[60, 9, 50, 13, 20, 5]","[66, 44, 61, 22, 63, 21]",False,0,0
"[60, 9, 50, 13, 20, 5]","[62, 19, 53, 6, 11, 13]",False,0,0
"[60, 9, 50, 13, 20, 5]","[14, 9, 1, 26, 11, 25]",False,1,0
"[60, 9, 50, 13, 20, 5]","[28, 59, 7, 46, 1, 15]",False,0,0
"[60, 9, 50, 13, 20, 5]","[9, 16, 29, 41, 10, 5]",True,1,4
"[60, 9, 50, 13, 20, 5]","[44, 33, 64, 19, 1, 17]",False,0,0
"[60, 9, 50, 13, 20, 5]","[51, 61, 33, 55, 38, 19]",False,0,0
"[60, 9, 50, 13, 20, 5]","[48, 32, 47, 29, 5, 5]",True,0,4
"[60, 9, 50, 13, 20, 5]","[15, 36, 4, 25, 8, 26]",False,0,0
"[60, 9, 50, 13, 20, 5]","[1, 59, 68, 63, 20, 26]",False,1,0
"[60, 9, 50, 13, 20, 5]","[4, 8, 14, 2, 25, 3]",False,0,0
"[60, 9, 50, 13, 20, 5]","[56, 28, 8, 15, 12, 21]",False,0,0
"[60, 9, 50, 13, 20, 5]","[66, 14, 29, 27, 67, 9]",False,0,0
"[60, 9, 50, 13, 20, 5]","[29, 12, 37, 26, 60, 2]",False,1,0
"[60, 9, 50, 13, 20, 5]","[42, 13, 1, 5, 38, 12]",False,1,0
"[60, 9, 50, 13, 20, 5]","[10, 3, 64, 54, 40, 26]",False,0,0
"[60, 9, 50, 13, 20, 5]","[29, 36, 46, 41, 51, 21]",False,0,0
"[60, 9, 50, 13, 20, 5]","[66, 22, 18, 59, 68, 23]",False,0,0
"[60, 9, 50, 13, 20, 5]","[42, 29, 31, 20, 44, 12]",False,1,0
"[60, 9, 50, 13, 20, 5]","[7, 22, 56, 11, 20, 16]",False,1,0
"[60, 9, 50, 13, 20, 5]","[59, 54, 29, 43, 44, 6]",False,0,0
"[60, 9, 50, 13, 20, 5]","[9, 25, 10, 31, 16, 13]",False,1,0
"[60, 9, 50, 13, 20, 5]","[2, 15, 65, 55, 4, 5]",True,0,4
"[60, 9, 50, 13, 20, 5]","[33, 5, 67, 9, 65, 25]",False,1,0
"[60, 9, 50, 13, 20, 5]","[37, 30, 53, 46, 1, 18]",False,0,0
"[60, 9, 50, 13, 20, 5]","[37, 27, 30, 10, 63, 25]",False,0,0
"[60, 9, 50, 13, 20, 5]","[40, 51, 4, 64, 15, 11]",False,0,0
"[60, 9, 50, 13, 20, 5]","[5, 40, 19, 22, 30, 15]",False,0,0
"[60, 9, 50, 13, 20, 5]","[33, 6, 9, 4, 31, 13]",False,1,0
"[60, 9, 50, 13, 20, 5]","[6, 45, 60, 24, 46, 9]",False,1,0
"[60, 9, 50, 13, 20, 5]","[63, 49, 59, 48, 14, 13]",False,0,0
"[60, 9, 50, 13, 20, 5]","[4, 52, 36, 21, 57, 22]",False,0,0
"[60, 9, 50, 13, 20, 5]","[26, 40, 10, 45, 53, 3]",False,0,0
"[60, 9, 50, 13, 20, 5]","[22, 42, 61, 37, 31, 24]",False,0,0
"[60, 9, 50, 13, 20, 5]","[52, 25, 19, 10, 38, 11]",False,0,0
"[60, 9, 50, 13, 20, 5]","[51, 39, 19, 55, 33, 10]",False,0,0
"[60, 9, 50, 13, 20, 5]","[28, 17, 55, 22, 66, 21]",False,0,0
"[60, 9, 50, 13, 20, 5]","[1, 24, 25, 13, 42, 1]",False,1,0
"[60, 9, 50, 13, 20, 5]","[12, 60, 10, 8, 38, 26]",False,1,0
"[60, 9, 50, 13, 20, 5]","[54, 41, 62, 42, 23, 17]",False,0,0
"[60, 9, 50, 13, 20, 5]","[56, 40, 61, 2, 60, 24]",False,1,0
"[60, 9, 50, 13, 20, 5]","[37, 17, 32, 67, 45, 15]",False,0,0
"[60, 9, 50, 13, 20, 5]","[44, 35, 7, 10, 27, 15]",False,0,0
"[60, 9, 50, 13, 20, 5]","[63, 69, 49, 58, 3, 17]",False,0,0
"[60, 9, 50, 13, 20, 5]","[12, 66, 20, 45, 8, 21]",False,1,0
"[60, 9, 50, 13, 20, 5]","[38, 25, 5, 54, 53, 18]",False,0,0
"[60, 9, 50, 13, 20, 5]","[19, 42, 2, 44, 66, 14]",False,0,0
"[60, 9, 50, 13, 20, 5]","[28, 4, 68, 1, 54, 12]",False,0,0
"[60, 9, 50, 13, 20, 5]","[13, 25, 6, 10, 57, 8]",False,1,0
"[60, 9, 50, 13, 20, 5]","[16, 61, 32, 11, 45, 17]",False,0,0
"[60, 9, 50, 13, 20, 5]","[54, 14, 32, 12, 8, 3]",False,0,0
"[60, 9, 50, 13, 20, 5]","[18, 26, 59, 49, 28, 20]",False,0,0
"[60, 9, 50, 13, 20, 5]","[8, 16, 66, 42, 62, 9]",False,0,0
"[60, 9, 50, 13, 20, 5]","[34, 12, 69, 67, 4, 10]",False,0,0
"[60, 9, 50, 13, 20, 5]","[67, 57, 35, 39, 40, 22]",False,0,0
"[60, 9, 50, 13, 20, 5]","[47, 27, 20, 54, 6, 22]",False,1,0
"[60, 9, 50, 13, 20, 5]","[67, 42, 61, 56, 13, 4]",False,1,0
"[60, 9, 50, 13, 20, 5]","[58, 41, 37, 18, 44, 16]",False,0,0
"[60, 9, 50, 13, 20, 5]","[64, 45, 31, 2, 39, 13]",False,0,0
"[60, 9, 50, 13, 20, 5]","[65, 5, 39, 24, 20, 18]",False,1,0
"[60, 9, 50, 13, 20, 5]","[1, 18, 4, 44, 36, 21]",False,0,0
"[60, 9, 50, 13, 20, 5]","[5, 35, 44, 58, 29, 11]",False,0,0
"[60, 9, 50, 13, 20, 5]","[10, 27, 12, 65, 46, 18]",False,0,0
"[60, 9, 50, 13, 20, 5]","[2, 48, 44, 11, 51, 5]",True,0,4
"[60, 9, 50, 13, 20, 5]","[32, 67, 17, 55, 44, 11]",False,0,0
"[60, 9, 50, 13, 20, 5]","[22, 49, 43, 2, 11, 25]",False,0,0
"[60, 9, 50, 13, 20, 5]","[17, 61, 65, 33, 51, 1]",False,0,0
"[60, 9, 50, 13, 20, 5]","[18, 45, 16, 68, 38, 7]",False,0,0
"[60, 9, 50, 13, 20, 5]","[6, 60, 18, 47, 61, 8]",False,1,0
"[60, 9, 50, 13, 20, 5]","[16, 10, 11, 15, 48, 14]",False,0,0
"[60, 9, 50, 13, 20, 5]","[52, 39, 64, 6, 56, 1]",False,0,0
"[60, 9, 50, 13, 20, 5]","[51, 55, 30, 44, 60, 19]",False,1,0
"[60, 9, 50, 13, 20, 5]","[44, 51, 12, 16, 7, 21]",False,0,0
"[60, 9, 50, 13, 20, 5]","[19, 29, 37, 62, 35, 22]",False,0,0
"[60, 9, 50, 13, 20, 5]","[39, 3, 62, 30, 52, 20]",False,0,0
"[60, 9, 50, 13, 20, 5]","[7, 58, 56, 4, 69, 5]",True,0,4
"[60, 9, 50, 13, 20, 5]","[39, 17, 44, 5, 12, 1]",False,0,0
"[60, 9, 50, 13, 20, 5]","[17, 16, 1, 60, 24, 21]",False,1,0
"[60, 9, 50, 13, 20, 5]","[51, 46, 45, 38, 3, 4]",False,0,0
"[60, 9, 50, 13, 20, 5]","[61, 14, 3, 56, 65, 19]",False,0,0
"[60, 9, 50, 13, 20, 5]","[44, 38, 41, 48, 61, 2]",False,0,0
"[60, 9, 50, 13, 20, 5]","[69, 18, 25, 36, 2, 5]",True,0,4
"[60, 9, 50, 13, 20, 5]","[64, 31, 21, 2, 32, 10]",False,0,0
"[60, 9, 50, 13, 20, 5]","[21, 33, 23, 25, 17, 5]",True,0,4
"[60, 9, 50, 13, 20, 5]","[26, 21, 37, 24, 7, 15]",False,0,0
"[60, 9, 50, 13, 20, 5]","[19, 60, 69, 52, 6, 17]",False,1,0
"[60, 9, 50, 13, 20, 5]","[11, 25, 60, 64, 37, 24]",False,1,0
"[60, 9, 50, 13, 20, 5]","[58, 67, 65, 6, 56, 25]",False,0,0
"[60, 9, 50, 13, 20, 5]","[18, 61, 22, 3, 47, 17]",False,0,0
"[60, 9, 50, 13, 20, 5]","[50, 7, 51, 15, 67, 21]",False,1,0
"[60, 9, 50, 13, 20, 5]","[51, 13, 68, 21, 69, 5]",True,1,4
"[60, 9, 50, 13, 20, 5]","[19, 36, 61, 30, 63, 2]",False,0,0
"[60, 9, 50, 13, 20, 5]","[34, 51, 17, 28, 22, 7]",False,0,0
"[60, 9, 50, 13, 20, 5]","[39, 52, 57, 65, 33, 8]",False,0,0
"[60, 9, 50, 13, 20, 5]","[26, 31, 28, 49, 39, 15]",False,0,0
"[60, 9, 50, 13, 20, 5]","[13, 63, 31, 30, 32, 15]",False,1,0
"[60, 9, 50, 13, 20, 5]","[11, 49, 59, 51, 33, 23]",False,0,0
"[60, 9, 50, 13, 20, 5]","[6, 69, 2, 8, 51, 11]",False,0,0
"[60, 9, 50, 13, 20, 5]","[9, 55, 50, 11, 27, 15]",False,2,0
"[60, 9, 50, 13, 20, 5]","[37, 61, 34, 62, 64, 9]",False,0,0
"[60, 9, 50, 13, 20, 5]","[38, 5, 39, 9, 44, 2]",False,1,0
"[60, 9, 50, 13, 20, 5]","[25, 15, 37, 2, 1, 13]",False,0,0
"[60, 9, 50, 13, 20, 5]","[13, 45, 3, 24, 68, 20]",False,1,0
"[60, 9, 50, 13, 20, 5]","[46, 7, 39, 51, 43, 3]",False,0,0
"[60, 9, 50, 13, 20, 5]","[48, 23, 36, 41, 32, 21]",False,0,0
"[60, 9, 50, 13, 20, 5]","[42, 66, 50, 35, 34, 19]",False,1,0
"[60, 9, 50, 13, 20, 5]","[64, 69, 43, 62, 46, 12]",False,0,0
"[60, 9, 50, 13, 20, 5]","[23, 61, 32, 59, 53, 13]",False,0,0
"[60, 9, 50, 13, 20, 5]","[17, 25, 18, 53, 19, 18]",False,0,0
"[60, 9, 50, 13, 20, 5]","[35, 28, 4, 55, 51, 25]",False,0,0
"[60, 9, 50, 13, 20, 5]","[66, 61, 62, 49, 63, 21]",False,0,0
"[60, 9, 50, 13, 20, 5]","[35, 8, 45, 29, 49, 19]",False,0,0
"[60, 9, 50, 13, 20, 5]","[24, 18, 23, 22, 2, 17]",False,0,0
"[60, 9, 50, 13, 20, 5]","[69, 11, 51, 52, 34, 18]",False,0,0
"[60, 9, 50, 13, 20, 5]","[61, 57, 17, 6, 56, 7]",False,0,0
"[60, 9, 50, 13, 20, 5]","[67, 9, 44, 49, 19, 19]",False,1,0
"[60, 9, 50, 13, 20, 5]","[2, 51, 16, 10, 69, 2]",False,0,0
"[60, 9, 50, 13, 20, 5]","[55, 61, 68, 4, 51, 22]",False,0,0
"[60, 9, 50, 13, 20, 5]","[4, 53, 17, 8, 41, 10]",False,0,0
"[60, 9, 50, 13, 20, 5]","[49, 2, 42, 43, 35, 21]",False,0,0
"[60, 9, 50, 13, 20, 5]","[52, 65, 48, 32, 69, 8]",False,0,0
"[60, 9, 50, 13, 20, 5]","[14, 28, 6, 33, 2, 20]",False,0,0
"[60, 9, 50, 13, 20, 5]","[2, 43, 58, 48, 53, 19]",False,0,0
"[60, 9, 50, 13, 20, 5]","[29, 64, 33, 4, 44, 9]",False,0,0
"[60, 9, 50, 13, 20, 5]","[38, 33, 30, 61, 11, 13]",False,0,0
"[60, 9, 50, 13, 20, 5]","[58, 31, 10, 4, 59, 21]",False,0,0
"[60, 9, 50, 13, 20, 5]","[16, 14, 3, 50, 26, 18]",False,1,0
"[60, 9, 50, 13, 20, 5]","[2, 50, 20, 18, 63, 7]",False,2,0
"[60, 9, 50, 13, 20, 5]","[15, 58, 44, 5, 51, 14]",False,0,0
"[60, 9, 50, 13, 20, 5]","[61, 7, 25, 53, 44, 7]",False,0,0
"[60, 9, 50, 13, 20, 5]","[46, 5, 62, 64, 27, 3]",False,0,0
"[60, 9, 50, 13, 20, 5]","[24, 45, 46, 1, 32, 24]",False,0,0
"[60, 9, 50, 13, 20, 5]","[57, 52, 2, 51, 55, 18]",False,0,0
"[60, 9, 50, 13, 20, 5]","[35, 47, 32, 67, 20, 22]",False,1,0
"[60, 9, 50, 13, 20, 5]","[31, 6, 38, 43, 13, 10]",False,1,0
"[60, 9, 50, 13, 20, 5]","[29, 52, 32, 18, 58, 24]",False,0,0
"[60, 9, 50, 13, 20, 5]","[45, 37, 39, 53, 64, 11]",False,0,0
"[60, 9, 50, 13, 20, 5]","[42, 25, 14, 37, 61, 12]",False,0,0
"[60, 9, 50, 13, 20, 5]","[43, 7, 29, 52, 31, 10]",False,0,0
"[60, 9, 50, 13, 20, 5]","[29, 61, 27, 25, 26, 13]",False,0,0
"[60, 9, 50, 13, 20, 5]","[8, 68, 9, 30, 23, 16]",False,1,0
"[60, 9, 50, 13, 20, 5]","[58, 52, 23, 53, 5, 10]",False,0,0
"[60, 9, 50, 13, 20, 5]","[45, 31, 63, 3, 23, 4]",False,0,0
"[60, 9, 50, 13, 20, 5]","[42, 5, 50, 63, 17, 14]",False,1,0
"[60, 9, 50, 13, 20, 5]","[14, 34, 29, 36, 64, 19]",False,0,0
"[60, 9, 50, 13, 20, 5]","[9, 60, 63, 19, 8, 18]",False,2,0
"[60, 9, 50, 13, 20, 5]","[66, 60, 27, 33, 13, 7]",False,2,0
"[60, 9, 50, 13, 20, 5]","[56, 9, 51, 24, 40, 5]",True,1,4
"[60, 9, 50, 13, 20, 5]","[4, 62, 12, 19, 36, 2]",False,0,0
"[60, 9, 50, 13, 20, 5]","[42, 14, 29, 39, 7, 7]",False,0,0
"[60, 9, 50, 13, 20, 5]","[25, 68, 10, 20, 17, 17]",False,1,0
"[60, 9, 50, 13, 20, 5]","[16, 3, 13, 61, 24, 26]",False,1,0
"[60, 9, 50, 13, 20, 5]","[39, 11, 19, 46, 68, 23]",False,0,0
"[60, 9, 50, 13, 20, 5]","[17, 68, 3, 30, 56, 18]",False,0,0
"[60, 9, 50, 13, 20, 5]","[27, 56, 40, 1, 67, 2]",False,0,0
"[60, 9, 50, 13, 20, 5]","[64, 49, 47, 40, 14, 16]",False,0,0
"[60, 9, 50, 13, 20, 5]","[6, 52, 15, 13, 46, 1]",False,1,0
"[60, 9, 50, 13, 20, 5]","[63, 10, 66, 53, 16, 16]",False,0,0
"[60, 9, 50, 13, 20, 5]","[11, 66, 48, 31, 37, 20]",False,0,0
"[60, 9, 50, 13, 20, 5]","[9, 64, 7, 19, 25, 10]",False,1,0
"[60, 9, 50, 13, 20, 5]","[35, 69, 55, 52, 48, 21]",False,0,0
"[60, 9, 50, 13, 20, 5]","[47, 10, 27, 37, 39, 16]",False,0,0
"[60, 9, 50, 13, 20, 5]","[52, 30, 58, 39, 7, 15]",False,0,0
"[60, 9, 50, 13, 20, 5]","[35, 45, 68, 6, 32, 9]",False,0,0
"[60, 9, 50, 13, 20, 5]","[23, 53, 68, 9, 55, 2]",False,1,0
"[60, 9, 50, 13, 20, 5]","[60, 38, 50, 58, 14, 1]",False,2,0
"[60, 9, 50, 13, 20, 5]","[14, 53, 60, 37, 24, 8]",False,1,0
"[60, 9, 50, 13, 20, 5]","[18, 20, 34, 30, 7, 26]",False,1,0
"[60, 9, 50, 13, 20, 5]","[2, 57, 34, 9, 15, 23]",False,1,0
"[60, 9, 50, 13, 20, 5]","[46, 41, 35, 25, 13, 14]",False,1,0
"[60, 9, 50, 13, 20, 5]","[32, 8, 69, 31, 20, 21]",False,1,0
"[60, 9, 50, 13, 20, 5]","[22, 7, 64, 40, 47, 15]",False,0,0
"[60, 9, 50, 13, 20, 5]","[38, 43, 15, 16, 10, 4]",False,0,0
"[60, 9, 50, 13, 20, 5]","[20, 28, 37, 22, 1, 3]",False,1,0
"[60, 9, 50, 13, 20, 5]","[4, 38, 18, 37, 69, 8]",False,0,0
"[60, 9, 50, 13, 20, 5]","[4, 27, 26, 1, 34, 8]",False,0,0
"[60, 9, 50, 13, 20, 5]","[43, 27, 16, 31, 45, 11]",False,0,0
"[60, 9, 50, 13, 20, 5]","[56, 27, 51, 31, 50, 6]",False,1,0
"[60, 9, 50, 13, 20, 5]","[26, 42, 56, 11, 44, 21]",False,0,0
"[60, 9, 50, 13, 20, 5]","[10, 65, 66, 68, 20, 5]",True,1,4
"[60, 9, 50, 13, 20, 5]","[57, 44, 25, 29, 19, 1]",False,0,0
"[60, 9, 50, 13, 20, 5]","[52, 37, 4, 45, 23, 14]",False,0,0
"[60, 9, 50, 13, 20, 5]","[62, 16, 2, 11, 25, 17]",False,0,0
"[60, 9, 50, 13, 20, 5]","[23, 20, 46, 22, 59, 24]",False,1,0
"[60, 9, 50, 13, 20, 5]","[58, 38, 54, 50, 52, 18]",False,1,0
"[60, 9, 50, 13, 20, 5]","[6, 2, 45, 24, 65, 2]",False,0,0
"[60, 9, 50, 13, 20, 5]","[47, 6, 11, 45, 61, 22]",False,0,0
"[60, 9, 50, 13, 20, 5]","[69, 41, 24, 44, 51, 9]",False,0,0
"[60, 9, 50, 13, 20, 5]","[34, 27, 53, 5, 16, 13]",False,0,0
"[60, 9, 50, 13, 20, 5]","[14, 64, 55, 23, 69, 21]",False,0,0
"[60, 9, 50, 13, 20, 5]","[8, 15, 22, 31, 58, 22]",False,0,0
"[60, 9, 50, 13, 20, 5]","[50, 8, 7, 34, 36, 23]",False,1,0
"[60, 9, 50, 13, 20, 5]","[57, 38, 5, 43, 3, 22]",False,0,0
"[60, 9, 50, 13, 20, 5]","[5, 55, 1, 30, 37, 5]",True,0,4
"[60, 9, 50, 13, 20, 5]","[56, 35, 23, 43, 2, 26]",False,0,0
"[60, 9, 50, 13, 20, 5]","[5, 60, 22, 17, 48, 3]",False,1,0
"[60, 9, 50, 13, 20, 5]","[66, 4, 44, 65, 13, 24]",False,1,0
"[60, 9, 50, 13, 20, 5]","[64, 58, 43, 23, 33, 15]",False,0,0
"[60, 9, 50, 13, 20, 5]","[26, 18, 57, 14, 52, 16]",False,0,0
"[60, 9, 50, 13, 20, 5]","[49, 5, 56, 17, 42, 22]",False,0,0
"[60, 9, 50, 13, 20, 5]","[32, 4, 65, 44, 12, 5]",True,0,4
"[60, 9, 50, 13, 20, 5]","[50, 67, 2, 58, 17, 20]",False,1,0
"[60, 9, 50, 13, 20, 5]","[65, 31, 30, 45, 5, 6]",False,0,0
"[60, 9, 50, 13, 20, 5]","[66, 42, 32, 10, 29, 18]",False,0,0
"[60, 9, 50, 13, 20, 5]","[40, 66, 63, 1, 10, 10]",False,0,0
"[60, 9, 50, 13, 20, 5]","[44, 18, 12, 45, 27, 19]",False,0,0
"[60, 9, 50, 13, 20, 5]","[53, 21, 43, 12, 1, 1]",False,0,0
"[60, 9, 50, 13, 20, 5]","[49, 27, 50, 65, 18, 10]",False,1,0
"[60, 9, 50, 13, 20, 5]","[61, 67, 25, 4, 7, 21]",False,0,0
"[60, 9, 50, 13, 20, 5]","[58, 60, 12, 7, 57, 21]",False,1,0
"[60, 9, 50, 13, 20, 5]","[67, 68, 50, 8, 37, 23]",False,1,0
"[60, 9, 50, 13, 20, 5]","[65, 60, 64, 17, 45, 9]",False,1,0
"[60, 9, 50, 13, 20, 5]","[42, 48, 59, 55, 46, 25]",False,0,0
"[60, 9, 50, 13, 20, 5]","[48, 59, 53, 49, 27, 8]",False,0,0
"[60, 9, 50, 13, 20, 5]","[61, 36, 48, 55, 25, 13]",False,0,0
"[60, 9, 50, 13, 20, 5]","[13, 68, 52, 27, 42, 7]",False,1,0
"[60, 9, 50, 13, 20, 5]","[2, 18, 59, 22, 57, 26]",False,0,0
"[60, 9, 50, 13, 20, 5]","[41, 29, 62, 28, 69, 1]",False,0,0
"[60, 9, 50, 13, 20, 5]","[42, 52, 40, 60, 29, 17]",False,1,0
"[60, 9, 50, 13, 20, 5]","[67, 56, 36, 48, 4, 14]",False,0,0
"[60, 9, 50, 13, 20, 5]","[5, 25, 64, 47, 33, 9]",False,0,0
"[60, 9, 50, 13, 20, 5]","[40, 49, 33, 55, 42, 5]",True,0,4
"[60, 9, 50, 13, 20, 5]","[49, 41, 30, 64, 9, 4]",False,1,0
"[60, 9, 50, 13, 20, 5]","[61, 13, 55, 42, 59, 14]",False,1,0
"[60, 9, 50, 13, 20, 5]","[34, 19, 10, 63, 24, 11]",False,0,0
"[60, 9, 50, 13, 20, 5]","[67, 49, 55, 32, 41, 20]",False,0,0
"[60, 9, 50, 13, 20, 5]","[20, 9, 14, 60, 64, 26]",False,3,7
"[60, 9, 50, 13, 20, 5]","[17, 33, 51, 67, 11, 9]",False,0,0
"[60, 9, 50, 13, 20, 5]","[53, 69, 29, 51, 50, 25]",False,1,0
"[60, 9, 50, 13, 20, 5]","[22, 42, 16, 10, 3, 14]",False,0,0
"[60, 9, 50, 13, 20, 5]","[1, 47, 65, 48, 57, 20]",False,0,0
"[60, 9, 50, 13, 20, 5]","[61, 35, 39, 23, 29, 17]",False,0,0
"[60, 9, 50, 13, 20, 5]","[15, 48, 63, 10, 64, 22]",False,0,0
"[60, 9, 50, 13, 20, 5]","[46, 48, 43, 7, 15, 25]",False,0,0
"[60, 9, 50, 13, 20, 5]","[29, 14, 27, 31, 25, 16]",False,0,0
"[60, 9, 50, 13, 20, 5]","[40, 27, 7, 47, 43, 11]",False,0,0
"[60, 9, 50, 13, 20, 5]","[62, 25, 26, 5, 47, 7]",False,0,0
"[60, 9, 50, 13, 20, 5]","[29, 51, 58, 26, 56, 25]",False,0,0
"[60, 9, 50, 13, 20, 5]","[44, 63, 54, 26, 47, 19]",False,0,0
"[60, 9, 50, 13, 20, 5]","[17, 57, 50, 22, 26, 3]",False,1,0
"[60, 9, 50, 13, 20, 5]","[21, 14, 9, 40, 8, 12]",False,1,0
"[60, 9, 50, 13, 20, 5]","[52, 16, 65, 62, 30, 11]",False,0,0
"[60, 9, 50, 13, 20, 5]","[31, 67, 27, 32, 56, 20]",False,0,0
"[60, 9, 50, 13, 20, 5]","[38, 54, 61, 59, 12, 26]",False,0,0
"[60, 9, 50, 13, 20, 5]","[57, 8, 15, 18, 26, 5]",True,0,4
"[60, 9, 50, 13, 20, 5]","[11, 58, 38, 66, 24, 13]",False,0,0
"[60, 9, 50, 13, 20, 5]","[27, 36, 7, 28, 40, 1]",False,0,0
"[60, 9, 50, 13, 20, 5]","[69, 36, 12, 68, 52, 17]",False,0,0
"[60, 9, 50, 13, 20, 5]","[39, 13, 20, 45, 33, 4]",False,2,0
"[60, 9, 50, 13, 20, 5]","[10, 31, 6, 21, 50, 2]",False,1,0
"[60, 9, 50, 13, 20, 5]","[3, 63, 1, 50, 53, 5]",True,1,4
"[60, 9, 50, 13, 20, 5]","[51, 54, 43, 39, 45, 20]",False,0,0
"[60, 9, 50, 13, 20, 5]","[29, 46, 51, 34, 16, 9]",False,0,0
"[60, 9, 50, 13, 20, 5]","[18, 39, 32, 65, 25, 7]",False,0,0
"[60, 9, 50, 13, 20, 5]","[57, 33, 46, 54, 53, 12]",False,0,0
"[60, 9, 50, 13, 20, 5]","[39, 47, 26, 69, 53, 5]",True,0,4
"[60, 9, 50, 13, 20, 5]","[39, 52, 6, 29, 58, 14]",False,0,0
"[60, 9, 50, 13, 20, 5]","[55, 5, 11, 59, 39, 9]",False,0,0
"[60, 9, 50, 13, 20, 5]","[50, 7, 19, 5, 38, 8]",False,1,0
"[60, 9, 50, 13, 20, 5]","[16, 31, 54, 30, 41, 21]",False,0,0
"[60, 9, 50, 13, 20, 5]","[28, 2, 24, 23, 67, 7]",False,0,0
"[60, 9, 50, 13, 20, 5]","[2, 53, 8, 59, 60, 8]",False,1,0
"[60, 9, 50, 13, 20, 5]","[48, 38, 43, 65, 20, 3]",False,1,0
"[60, 9, 50, 13, 20, 5]","[63, 2, 17, 18, 66, 1]",False,0,0
"[60, 9, 50, 13, 20, 5]","[20, 62, 63, 7, 40, 13]",False,1,0
"[60, 9, 50, 13, 20, 5]","[13, 54, 40, 52, 43, 4]",False,1,0
"[60, 9, 50, 13, 20, 5]","[9, 30, 68, 51, 6, 12]",False,1,0
"[60, 9, 50, 13, 20, 5]","[69, 60, 53, 31, 42, 26]",False,1,0
"[60, 9, 50, 13, 20, 5]","[38, 36, 57, 58, 39, 12]",False,0,0
"[60, 9, 50, 13, 20, 5]","[2, 30, 66, 8, 16, 11]",False,0,0
"[60, 9, 50, 13, 20, 5]","[69, 40, 12, 7, 46, 1]",False,0,0
"[60, 9, 50, 13, 20, 5]","[66, 3, 62, 41, 16, 11]",False,0,0
"[60, 9, 50, 13, 20, 5]","[43, 24, 4, 40, 15, 12]",False,0,0
"[60, 9, 50, 13, 20, 5]","[57, 50, 20, 25, 2, 8]",False,2,0
"[60, 9, 50, 13, 20, 5]","[50, 64, 25, 52, 46, 5]",True,1,4
"[60, 9, 50, 13, 20, 5]","[47, 49, 23, 1, 51, 17]",False,0,0
"[60, 9, 50, 13, 20, 5]","[46, 52, 25, 3, 51, 15]",False,0,0
"[60, 9, 50, 13, 20, 5]","[44, 15, 28, 13, 36, 10]",False,1,0
"[60, 9, 50, 13, 20, 5]","[42, 41, 30, 28, 18, 9]",False,0,0
"[60, 9, 50, 13, 20, 5]","[65, 14, 44, 46, 3, 13]",False,0,0
"[60, 9, 50, 13, 20, 5]","[45, 63, 55, 2, 3, 5]",True,0,4
"[60, 9, 50, 13, 20, 5]","[55, 1, 67, 8, 33, 25]",False,0,0
"[60, 9, 50, 13, 20, 5]","[38, 25, 34, 26, 4, 22]",False,0,0
"[60, 9, 50, 13, 20, 5]","[66, 54, 49, 33, 61, 15]",False,0,0
"[60, 9, 50, 13, 20, 5]","[52, 41, 20, 13, 60, 7]",False,3,7
"[60, 9, 50, 13, 20, 5]","[65, 34, 39, 6, 9, 3]",False,1,0
"[60, 9, 50, 13, 20, 5]","[63, 12, 30, 29, 48, 12]",False,0,0
"[60, 9, 50, 13, 20, 5]","[60, 7, 8, 24, 10, 24]",False,1,0
"[60, 9, 50, 13, 20, 5]","[42, 40, 7, 43, 24, 15]",False,0,0
"[60, 9, 50, 13, 20, 5]","[56, 24, 22, 61, 16, 24]",False,0,0
"[60, 9, 50, 13, 20, 5]","[39, 45, 5, 68, 23, 15]",False,0,0
"[60, 9, 50, 13, 20, 5]","[34, 49, 64, 11, 63, 16]",False,0,0
"[60, 9, 50, 13, 20, 5]","[62, 11, 3, 68, 51, 11]",False,0,0
"[60, 9, 50, 13, 20, 5]","[29, 3, 25, 20, 1, 4]",False,1,0
"[60, 9, 50, 13, 20, 5]","[61, 57, 58, 38, 41, 11]",False,0,0
"[60, 9, 50, 13, 20, 5]","[44, 17, 26, 37, 61, 15]",False,0,0
"[60, 9, 50, 13, 20, 5]","[28, 52, 21, 43, 13, 23]",False,1,0
"[60, 9, 50, 13, 20, 5]","[56, 20, 44, 66, 23, 15]",False,1,0
"[60, 9, 50, 13, 20, 5]","[60, 19, 44, 40, 24, 24]",False,1,0
"[60, 9, 50, 13, 20, 5]","[48, 16, 35, 64, 33, 6]",False,0,0
"[60, 9, 50, 13, 20, 5]","[49, 15, 59, 66, 36, 14]",False,0,0
"[60, 9, 50, 13, 20, 5]","[1, 12, 48, 26, 5, 6]",False,0,0
"[60, 9, 50, 13, 20, 5]","[55, 25, 20, 16, 57, 11]",False,1,0
"[60, 9, 50, 13, 20, 5]","[31, 42, 63, 55, 66, 5]",True,0,4
"[60, 9, 50, 13, 20, 5]","[61, 52, 63, 7, 53, 17]",False,0,0
"[60, 9, 50, 13, 20, 5]","[50, 64, 12, 13, 69, 8]",False,2,0
"[60, 9, 50, 13, 20, 5]","[8, 55, 3, 62, 21, 11]",False,0,0
"[60, 9, 50, 13, 20, 5]","[21, 1, 40, 3, 63, 17]",False,0,0
"[60, 9, 50, 13, 20, 5]","[61, 26, 36, 66, 55, 7]",False,0,0
"[60, 9, 50, 13, 20, 5]","[57, 55, 37, 19, 62, 7]",False,0,0
"[60, 9, 50, 13, 20, 5]","[3, 51, 14, 60, 67, 22]",False,1,0
"[60, 9, 50, 13, 20, 5]","[11, 10, 22, 44, 29, 1]",False,0,0
"[60, 9, 50, 13, 20, 5]","[58, 51, 30, 43, 40, 5]",True,0,4
"[60, 9, 50, 13, 20, 5]","[68, 51, 2, 3, 4, 18]",False,0,0
"[60, 9, 50, 13, 20, 5]","[8, 28, 12, 14, 52, 2]",False,0,0
"[60, 9, 50, 13, 20, 5]","[33, 59, 43, 50, 28, 12]",False,1,0
"[60, 9, 50, 13, 20, 5]","[61, 21, 18, 5, 31, 5]",True,0,4
"[60, 9, 50, 13, 20, 5]","[7, 54, 19, 2, 61, 6]",False,0,0
"[60, 9, 50, 13, 20, 5]","[52, 64, 32, 13, 66, 3]",False,1,0
"[60, 9, 50, 13, 20, 5]","[65, 22, 21, 49, 1, 23]",False,0,0
"[60, 9, 50, 13, 20, 5]","[39, 15, 25, 45, 52, 23]",False,0,0
"[60, 9, 50, 13, 20, 5]","[63, 47, 56, 16, 51, 19]",False,0,0
"[60, 9, 50, 13, 20, 5]","[10, 48, 29, 41, 25, 22]",False,0,0
"[60, 9, 50, 13, 20, 5]","[52, 55, 34, 29, 17, 3]",False,0,0
"[60, 9, 50, 13, 20, 5]","[61, 43, 53, 63, 40, 22]",False,0,0
"[60, 9, 50, 13, 20, 5]","[28, 61, 34, 33, 49, 26]",False,0,0
"[60, 9, 50, 13, 20, 5]","[43, 41, 65, 68, 49, 5]",True,0,4
"[60, 9, 50, 13, 20, 5]","[38, 30, 58, 65, 41, 5]",True,0,4
"[60, 9, 50, 13, 20, 5]","[40, 48, 63, 9, 10, 8]",False,1,0
"[60, 9, 50, 13, 20, 5]","[66, 27, 54, 3, 50, 5]",True,1,4
"[60, 9, 50, 13, 20, 5]","[42, 68, 3, 52, 5, 18]",False,0,0
"[60, 9, 50, 13, 20, 5]","[26, 57, 43, 4, 44, 15]",False,0,0
"[60, 9, 50, 13, 20, 5]","[34, 31, 25, 65, 19, 9]",False,0,0
"[60, 9, 50, 13, 20, 5]","[61, 44, 60, 13, 21, 12]",False,2,0
"[60, 9, 50, 13, 20, 5]","[36, 57, 16, 55, 17, 7]",False,0,0
"[60, 9, 50, 13, 20, 5]","[45, 62, 32, 51, 19, 1]",False,0,0
"[60, 9, 50, 13, 20, 5]","[3, 35, 7, 62, 34, 20]",False,0,0
"[60, 9, 50, 13, 20, 5]","[68, 36, 31, 7, 9, 17]",False,1,0
"[60, 9, 50, 13, 20, 5]","[22, 56, 8, 53, 45, 3]",False,0,0
"[60, 9, 50, 13, 20, 5]","[44, 5, 45, 27, 21, 25]",False,0,0
"[60, 9, 50, 13, 20, 5]","[19, 6, 61, 31, 60, 17]",False,1,0
"[60, 9, 50, 13, 20, 5]","[61, 46, 27, 20, 11, 13]",False,1,0
"[60, 9, 50, 13, 20, 5]","[40, 31, 45, 35, 33, 23]",False,0,0
"[60, 9, 50, 13, 20, 5]","[59, 64, 28, 44, 16, 13]",False,0,0
"[60, 9, 50, 13, 20, 5]","[44, 11, 38, 2, 24, 6]",False,0,0
"[60, 9, 50, 13, 20, 5]","[50, 53, 12, 5, 67, 24]",False,1,0
"[60, 9, 50, 13, 20, 5]","[68, 65, 50, 33, 30, 22]",False,1,0
"[60, 9, 50, 13, 20, 5]","[21, 16, 22, 10, 61, 14]",False,0,0
"[60, 9, 50, 13, 20, 5]","[21, 30, 7, 60, 55, 6]",False,1,0
"[60, 9, 50, 13, 20, 5]","[35, 8, 29, 39, 43, 5]",True,0,4
"[60, 9, 50, 13, 20, 5]","[66, 59, 45, 10, 40, 16]",False,0,0
"[60, 9, 50, 13, 20, 5]","[9, 37, 22, 19, 48, 21]",False,1,0
"[60, 9, 50, 13, 20, 5]","[51, 40, 55, 38, 67, 14]",False,0,0
"[60, 9, 50, 13, 20, 5]","[67, 62, 7, 58, 39, 16]",False,0,0
"[60, 9, 50, 13, 20, 5]","[36, 26, 68, 27, 53, 15]",False,0,0
"[60, 9, 50, 13, 20, 5]","[61, 68, 3, 36, 19, 18]",False,0,0
"[60, 9, 50, 13, 20, 5]","[25, 38, 18, 60, 65, 20]",False,1,0
"[60, 9, 50, 13, 20, 5]","[1, 51, 57, 45, 44, 3]",False,0,0
"[60, 9, 50, 13, 20, 5]","[42, 30, 65, 29, 20, 26]",False,1,0
"[60, 9, 50, 13, 20, 5]","[39, 17, 16, 32, 29, 6]",False,0,0
"[60, 9, 50, 13, 20, 5]","[11, 28, 65, 46, 39, 4]",False,0,0
"[60, 9, 50, 13, 20, 5]","[58, 48, 1, 3, 6, 7]",False,0,0
"[60, 9, 50, 13, 20, 5]","[33, 50, 27, 47, 24, 1]",False,1,0
"[60, 9, 50, 13, 20, 5]","[55, 13, 3, 33, 10, 4]",False,1,0
"[60, 9, 50, 13, 20, 5]","[40, 39, 24, 6, 55, 2]",False,0,0
"[60, 9, 50, 13, 20, 5]","[62, 55, 8, 13, 4, 16]",False,1,0
"[60, 9, 50, 13, 20, 5]","[27, 26, 15, 61, 37, 18]",False,0,0
"[60, 9, 50, 13, 20, 5]","[30, 35, 49, 45, 60, 18]",False,1,0
"[60, 9, 50, 13, 20, 5]","[61, 5, 2, 53, 19, 6]",False,0,0
"[60, 9, 50, 13, 20, 5]","[34, 18, 44, 25, 21, 13]",False,0,0
"[60, 9, 50, 13, 20, 5]","[40, 33, 3, 24, 5, 3]",False,0,0
"[60, 9, 50, 13, 20, 5]","[33, 47, 63, 52, 2, 13]",False,0,0
"[60, 9, 50, 13, 20, 5]","[2, 61, 54, 27, 21, 9]",False,0,0
"[60, 9, 50, 13, 20, 5]","[12, 50, 49, 18, 41, 16]",False,1,0
"[60, 9, 50, 13, 20, 5]","[62, 35, 59, 50, 1, 7]",False,1,0
"[60, 9, 50, 13, 20, 5]","[50, 21, 56, 47, 65, 17]",False,1,0
"[60, 9, 50, 13, 20, 5]","[61, 59, 4, 41, 60, 16]",False,1,0
"[60, 9, 50, 13, 20, 5]","[46, 48, 10, 8, 32, 4]",False,0,0
"[60, 9, 50, 13, 20, 5]","[39, 50, 20, 55, 16, 20]",False,2,0
"[60, 9, 50, 13, 20, 5]","[1, 50, 3, 22, 66, 6]",False,1,0
"[60, 9, 50, 13, 20, 5]","[37, 11, 40, 42, 32, 22]",False,0,0
"[60, 9, 50, 13, 20, 5]","[11, 64, 69, 13, 30, 26]",False,1,0
"[60, 9, 50, 13, 20, 5]","[39, 67, 63, 14, 43, 6]",False,0,0
"[60, 9, 50, 13, 20, 5]","[32, 28, 6, 58, 31, 4]",False,0,0
"[60, 9, 50, 13, 20, 5]","[46, 27, 36, 37, 13, 18]",False,1,0
"[60, 9, 50, 13, 20, 5]","[42, 36, 25, 62, 26, 17]",False,0,0
"[60, 9, 50, 13, 20, 5]","[34, 19, 33, 30, 9, 12]",False,1,0
"[60, 9, 50, 13, 20, 5]","[39, 25, 30, 68, 58, 5]",True,0,4
"[60, 9, 50, 13, 20, 5]","[28, 1, 61, 45, 39, 17]",False,0,0
"[60, 9, 50, 13, 20, 5]","[69, 39, 42, 23, 4, 21]",False,0,0
"[60, 9, 50, 13, 20, 5]","[24, 9, 42, 18, 49, 19]",False,1,0
"[60, 9, 50, 13, 20, 5]","[33, 21, 54, 2, 61, 13]",False,0,0
"[60, 9, 50, 13, 20, 5]","[20, 56, 40, 17, 21, 4]",False,1,0
"[60, 9, 50, 13, 20, 5]","[17, 38, 29, 11, 13, 2]",False,1,0
"[60, 9, 50, 13, 20, 5]","[62, 7, 56, 4, 21, 4]",False,0,0
"[60, 9, 50, 13, 20, 5]","[11, 21, 67, 35, 50, 12]",False,1,0
"[60, 9, 50, 13, 20, 5]","[32, 52, 33, 45, 48, 16]",False,0,0
"[60, 9, 50, 13, 20, 5]","[29, 18, 68, 15, 12, 11]",False,0,0
"[60, 9, 50, 13, 20, 5]","[48, 40, 62, 35, 14, 25]",False,0,0
"[60, 9, 50, 13, 20, 5]","[43, 21, 60, 10, 9, 13]",False,2,0
"[60, 9, 50, 13, 20, 5]","[56, 22, 59, 62, 42, 17]",False,0,0
"[60, 9, 50, 13, 20, 5]","[23, 25, 43, 53, 41, 25]",False,0,0
"[60, 9, 50, 13, 20, 5]","[6, 35, 13, 41, 37, 13]",False,1,0
"[60, 9, 50, 13, 20, 5]","[10, 64, 2, 38, 18, 2]",False,0,0
"[60, 9, 50, 13, 20, 5]","[3, 25, 67, 19, 7, 19]",False,0,0
"[60, 9, 50, 13, 20, 5]","[5, 63, 21, 20, 11, 15]",False,1,0
"[60, 9, 50, 13, 20, 5]","[29, 32, 27, 6, 5, 4]",False,0,0
"[60, 9, 50, 13, 20, 5]","[29, 22, 69, 33, 26, 4]",False,0,0
"[60, 9, 50, 13, 20, 5]","[27, 36, 61, 32, 17, 12]",False,0,0
"[60, 9, 50, 13, 20, 5]","[30, 28, 21, 9, 51, 16]",False,1,0
"[60, 9, 50, 13, 20, 5]","[40, 68, 38, 20, 3, 11]",False,1,0
"[60, 9, 50, 13, 20, 5]","[34, 3, 28, 2, 47, 13]",False,0,0
"[60, 9, 50, 13, 20, 5]","[9, 60, 5, 66, 32, 5]",True,2,7
"[60, 9, 50, 13, 20, 5]","[47, 48, 57, 21, 35, 7]",False,0,0
"[60, 9, 50, 13, 20, 5]","[25, 56, 68, 55, 28, 13]",False,0,0
"[60, 9, 50, 13, 20, 5]","[8, 28, 22, 32, 65, 6]",False,0,0
"[60, 9, 50, 13, 20, 5]","[60, 7, 59, 68, 62, 18]",False,1,0
"[60, 9, 50, 13, 20, 5]","[17, 16, 11, 3, 24, 20]",False,0,0
"[60, 9, 50, 13, 20, 5]","[38, 23, 5, 61, 16, 7]",False,0,0
"[60, 9, 50, 13, 20, 5]","[15, 2, 56, 44, 39, 21]",False,0,0
"[60, 9, 50, 13, 20, 5]","[49, 32, 14, 39, 65, 9]",False,0,0
"[60, 9, 50, 13, 20, 5]","[53, 29, 40, 44, 56, 26]",False,0,0
"[60, 9, 50, 13, 20, 5]","[21, 46, 30, 43, 45, 17]",False,0,0
"[60, 9, 50, 13, 20, 5]","[33, 67, 16, 45, 69, 6]",False,0,0
"[60, 9, 50, 13, 20, 5]","[26, 20, 58, 66, 44, 20]",False,1,0
"[60, 9, 50, 13, 20, 5]","[37, 10, 49, 38, 18, 9]",False,0,0
"[60, 9, 50, 13, 20, 5]","[21, 10, 12, 62, 35, 15]",False,0,0
"[60, 9, 50, 13, 20, 5]","[18, 64, 40, 17, 58, 24]",False,0,0
"[60, 9, 50, 13, 20, 5]","[62, 6, 21, 17, 57, 4]",False,0,0
"[60, 9, 50, 13, 20, 5]","[49, 44, 40, 31, 24, 13]",False,0,0
"[60, 9, 50, 13, 20, 5]","[8, 22, 46, 38, 34, 26]",False,0,0
"[60, 9, 50, 13, 20, 5]","[61, 35, 24, 13, 40, 8]",False,1,0
"[60, 9, 50, 13, 20, 5]","[42, 44, 18, 47, 59, 9]",False,0,0
"[60, 9, 50, 13, 20, 5]","[44, 7, 30, 29, 52, 15]",False,0,0
"[60, 9, 50, 13, 20, 5]","[11, 25, 45, 14, 44, 4]",False,0,0
"[60, 9, 50, 13, 20, 5]","[60, 28, 50, 69, 37, 15]",False,2,0
"[60, 9, 50, 13, 20, 5]","[66, 30, 50, 31, 43, 15]",False,1,0
"[60, 9, 50, 13, 20, 5]","[54, 48, 52, 43, 69, 2]",False,0,0
"[60, 9, 50, 13, 20, 5]","[51, 16, 47, 45, 30, 17]",False,0,0
"[60, 9, 50, 13, 20, 5]","[37, 5, 47, 35, 32, 6]",False,0,0
"[60, 9, 50, 13, 20, 5]","[52, 59, 45, 29, 49, 4]",False,0,0
"[60, 9, 50, 13, 20, 5]","[13, 57, 23, 40, 63, 2]",False,1,0
"[60, 9, 50, 13, 20, 5]","[25, 46, 14, 43, 26, 21]",False,0,0
"[60, 9, 50, 13, 20, 5]","[20, 8, 13, 34, 30, 12]",False,2,0
"[60, 9, 50, 13, 20, 5]","[16, 54, 1, 51, 11, 13]",False,0,0
"[60, 9, 50, 13, 20, 5]","[57, 36, 60, 59, 22, 16]",False,1,0
"[60, 9, 50, 13, 20, 5]","[41, 58, 60, 25, 68, 15]",False,1,0
"[60, 9, 50, 13, 20, 5]","[17, 27, 57, 25, 39, 10]",False,0,0
"[60, 9, 50, 13, 20, 5]","[41, 36, 31, 39, 47, 7]",False,0,0
"[60, 9, 50, 13, 20, 5]","[35, 44, 69, 18, 8, 7]",False,0,0
"[60, 9, 50, 13, 20, 5]","[17, 25, 4, 6, 61, 7]",False,0,0
"[60, 9, 50, 13, 20, 5]","[59, 42, 63, 20, 17, 6]",False,1,0
"[60, 9, 50, 13, 20, 5]","[28, 10, 45, 24, 21, 2]",False,0,0
"[60, 9, 50, 13, 20, 5]","[61, 20, 27, 62, 31, 9]",False,1,0
"[60, 9, 50, 13, 20, 5]","[29, 49, 11, 64, 67, 17]",False,0,0
"[60, 9, 50, 13, 20, 5]","[43, 51, 29, 13, 14, 7]",False,1,0
"[60, 9, 50, 13, 20, 5]","[5, 2, 55, 16, 32, 13]",False,0,0
"[60, 9, 50, 13, 20, 5]","[37, 7, 12, 18, 16, 1]",False,0,0
"[60, 9, 50, 13, 20, 5]","[18, 37, 49, 65, 30, 3]",False,0,0
"[60, 9, 50, 13, 20, 5]","[32, 52, 11, 33, 1, 20]",False,0,0
"[60, 9, 50, 13, 20, 5]","[2, 62, 26, 19, 25, 22]",False,0,0
"[60, 9, 50, 13, 20, 5]","[47, 54, 42, 30, 64, 13]",False,0,0
"[60, 9, 50, 13, 20, 5]","[62, 33, 59, 25, 63, 5]",True,0,4
"[60, 9, 50, 13, 20, 5]","[55, 63, 51, 68, 17, 6]",False,0,0
"[60, 9, 50, 13, 20, 5]","[11, 25, 44, 68, 60, 15]",False,1,0
"[60, 9, 50, 13, 20, 5]","[64, 67, 57, 52, 69, 19]",False,0,0
"[60, 9, 50, 13, 20, 5]","[16, 9, 47, 46, 26, 16]",False,1,0
"[60, 9, 50, 13, 20, 5]","[43, 64, 53, 45, 6, 17]",False,0,0
"[60, 9, 50, 13, 20, 5]","[63, 15, 4, 16, 20, 18]",False,1,0
"[60, 9, 50, 13, 20, 5]","[58, 67, 50, 57, 63, 26]",False,1,0
"[60, 9, 50, 13, 20, 5]","[13, 67, 11, 29, 31, 8]",False,1,0
"[60, 9, 50, 13, 20, 5]","[67, 3, 63, 26, 57, 18]",False,0,0
"[60, 9, 50, 13, 20, 5]","[10, 29, 1, 25, 60, 6]",False,1,0
"[60, 9, 50, 13, 20, 5]","[61, 49, 8, 27, 48, 2]",False,0,0
"[60, 9, 50, 13, 20, 5]","[17, 47, 51, 24, 63, 24]",False,0,0
"[60, 9, 50, 13, 20, 5]","[2, 63, 57, 37, 44, 12]",False,0,0
"[60, 9, 50, 13, 20, 5]","[59, 12, 2, 15, 51, 18]",False,0,0
"[60, 9, 50, 13, 20, 5]","[31, 18, 10, 34, 68, 1]",False,0,0
"[60, 9, 50, 13, 20, 5]","[44, 1, 14, 2, 15, 11]",False,0,0
"[60, 9, 50, 13, 20, 5]","[57, 48, 68, 45, 60, 5]",True,1,4
"[60, 9, 50, 13, 20, 5]","[67, 5, 15, 12, 40, 1]",False,0,0
"[60, 9, 50, 13, 20, 5]","[25, 20, 45, 17, 40, 9]",False,1,0
"[60, 9, 50, 13, 20, 5]","[50, 4, 3, 18, 54, 23]",False,1,0
"[60, 9, 50, 13, 20, 5]","[39, 17, 43, 32, 36, 1]",False,0,0
"[60, 9, 50, 13, 20, 5]","[42, 58, 13, 62, 20, 26]",False,2,0
"[60, 9, 50, 13, 20, 5]","[65, 50, 9, 16, 5, 21]",False,2,0
"[60, 9, 50, 13, 20, 5]","[54, 44, 29, 28, 11, 17]",False,0,0
"[60, 9, 50, 13, 20, 5]","[7, 38, 46, 20, 49, 4]",False,1,0
"[60, 9, 50, 13, 20, 5]","[16, 50, 6, 18, 13, 24]",False,2,0
"[60, 9, 50, 13, 20, 5]","[55, 53, 62, 61, 20, 3]",False,1,0
"[60, 9, 50, 13, 20, 5]","[13, 48, 41, 69, 53, 5]",True,1,4
"[60, 9, 50, 13, 20, 5]","[45, 69, 42, 31, 67, 21]",False,0,0
"[60, 9, 50, 13, 20, 5]","[27, 15, 43, 10, 22, 22]",False,0,0
"[60, 9, 50, 13, 20, 5]","[6, 59, 3, 44, 62, 5]",True,0,4
"[60, 9, 50, 13, 20, 5]","[37, 24, 47, 54, 27, 15]",False,0,0
"[60, 9, 50, 13, 20, 5]","[21, 19, 8, 20, 11, 25]",False,1,0
"[60, 9, 50, 13, 20, 5]","[51, 36, 4, 41, 25, 6]",False,0,0
"[60, 9, 50, 13, 20, 5]","[40, 4, 15, 24, 58, 15]",False,0,0
"[60, 9, 50, 13, 20, 5]","[53, 29, 49, 13, 50, 10]",False,2,0
"[60, 9, 50, 13, 20, 5]","[54, 6, 19, 1, 65, 20]",False,0,0
"[60, 9, 50, 13, 20, 5]","[55, 69, 34, 35, 14, 10]",False,0,0
"[60, 9, 50, 13, 20, 5]","[36, 7, 6, 56, 55, 9]",False,0,0
"[60, 9, 50, 13, 20, 5]","[66, 62, 44, 29, 8, 16]",False,0,0
"[60, 9, 50, 13, 20, 5]","[5, 23, 21, 65, 68, 9]",False,0,0
"[60, 9, 50, 13, 20, 5]","[62, 8, 52, 34, 23, 20]",False,0,0
"[60, 9, 50, 13, 20, 5]","[56, 67, 44, 58, 36, 8]",False,0,0
"[60, 9, 50, 13, 20, 5]","[36, 47, 62, 21, 66, 14]",False,0,0
"[60, 9, 50, 13, 20, 5]","[10, 17, 43, 67, 59, 1]",False,0,0
"[60, 9, 50, 13, 20, 5]","[19, 61, 7, 64, 27, 1]",False,0,0
"[60, 9, 50, 13, 20, 5]","[46, 61, 48, 2, 29, 9]",False,0,0
"[60, 9, 50, 13, 20, 5]","[20, 39, 64, 41, 24, 16]",False,1,0
"[60, 9, 50, 13, 20, 5]","[67, 6, 58, 3, 24, 13]",False,0,0
"[60, 9, 50, 13, 20, 5]","[52, 27, 16, 30, 7, 24]",False,0,0
"[60, 9, 50, 13, 20, 5]","[13, 8, 6, 15, 58, 10]",False,1,0
"[60, 9, 50, 13, 20, 5]","[55, 64, 9, 49, 34, 19]",False,1,0
"[60, 9, 50, 13, 20, 5]","[23, 29, 12, 45, 27, 6]",False,0,0
"[60, 9, 50, 13, 20, 5]","[41, 37, 27, 49, 31, 25]",False,0,0
"[60, 9, 50, 13, 20, 5]","[69, 35, 47, 57, 56, 18]",False,0,0
"[60, 9, 50, 13, 20, 5]","[50, 24, 47, 65, 39, 6]",False,1,0
"[60, 9, 50, 13, 20, 5]","[45, 68, 21, 53, 39, 20]",False,0,0
"[60, 9, 50, 13, 20, 5]","[22, 68, 8, 51, 4, 11]",False,0,0
"[60, 9, 50, 13, 20, 5]","[62, 36, 16, 7, 4, 12]",False,0,0
"[60, 9, 50, 13, 20, 5]","[40, 15, 67, 27, 25, 15]",False,0,0
"[60, 9, 50, 13, 20, 5]","[33, 55, 66, 11, 1, 7]",False,0,0
"[60, 9, 50, 13, 20, 5]","[67, 46, 29, 7, 32, 14]",False,0,0
"[60, 9, 50, 13, 20, 5]","[8, 58, 33, 55, 20, 11]",False,1,0
"[60, 9, 50, 13, 20, 5]","[23, 48, 66, 4, 69, 20]",False,0,0
"[60, 9, 50, 13, 20, 5]","[28, 35, 52, 38, 3, 15]",False,0,0
"[60, 9, 50, 13, 20, 5]","[43, 25, 36, 17, 37, 13]",False,0,0
"[60, 9, 50, 13, 20, 5]","[53, 52, 38, 46, 45, 2]",False,0,0
"[60, 9, 50, 13, 20, 5]","[67, 50, 53, 17, 12, 14]",False,1,0
"[60, 9, 50, 13, 20, 5]","[59, 44, 20, 28, 17, 17]",False,1,0
"[60, 9, 50, 13, 20, 5]","[49, 62, 11, 34, 1, 8]",False,0,0
"[60, 9, 50, 13, 20, 5]","[29, 34, 12, 21, 13, 7]",False,1,0
"[60, 9, 50, 13, 20, 5]","[1, 64, 26, 10, 36, 6]",False,0,0
"[60, 9, 50, 13, 20, 5]","[18, 28, 65, 34, 16, 21]",False,0,0
"[60, 9, 50, 13, 20, 5]","[6, 7, 4, 49, 29, 9]",False,0,0
"[60, 9, 50, 13, 20, 5]","[50, 44, 29, 69, 37, 11]",False,1,0
"[60, 9, 50, 13, 20, 5]","[10, 1, 44, 61, 66, 7]",False,0,0
"[60, 9, 50, 13, 20, 5]","[12, 24, 43, 56, 15, 4]",False,0,0
"[60, 9, 50, 13, 20, 5]","[24, 40, 57, 23, 20, 16]",False,1,0
"[60, 9, 50, 13, 20, 5]","[35, 55, 39, 19, 32, 17]",False,0,0
"[60, 9, 50, 13, 20, 5]","[54, 68, 63, 59, 14, 5]",True,0,4
"[60, 9, 50, 13, 20, 5]","[26, 19, 50, 49, 3, 15]",False,1,0
"[60, 9, 50, 13, 20, 5]","[36, 6, 23, 28, 56, 20]",False,0,0
"[60, 9, 50, 13, 20, 5]","[37, 67, 23, 21, 11, 10]",False,0,0
"[60, 9, 50, 13, 20, 5]","[36, 27, 49, 10, 66, 26]",False,0,0
"[60, 9, 50, 13, 20, 5]","[12, 41, 22, 9, 48, 14]",False,1,0
"[60, 9, 50, 13, 20, 5]","[9, 15, 69, 21, 5, 7]",False,1,0
"[60, 9, 50, 13, 20, 5]","[13, 40, 53, 42, 69, 25]",False,1,0
"[60, 9, 50, 13, 20, 5]","[66, 57, 58, 65, 52, 2]",False,0,0
"[60, 9, 50, 13, 20, 5]","[56, 65, 64, 16, 40, 13]",False,0,0
"[60, 9, 50, 13, 20, 5]","[37, 26, 21, 34, 27, 11]",False,0,0
"[60, 9, 50, 13, 20, 5]","[64, 9, 3, 34, 1, 15]",False,1,0
"[60, 9, 50, 13, 20, 5]","[24, 65, 52, 50, 26, 24]",False,1,0
"[60, 9, 50, 13, 20, 5]","[26, 60, 39, 65, 19, 15]",False,1,0
"[60, 9, 50, 13, 20, 5]","[64, 33, 67, 8, 63, 23]",False,0,0
"[60, 9, 50, 13, 20, 5]","[10, 26, 59, 69, 14, 23]",False,0,0
"[60, 9, 50, 13, 20, 5]","[31, 18, 61, 51, 34, 5]",True,0,4
"[60, 9, 50, 13, 20, 5]","[14, 3, 6, 20, 38, 18]",False,1,0
"[60, 9, 50, 13, 20, 5]","[64, 29, 21, 43, 38, 6]",False,0,0
"[60, 9, 50, 13, 20, 5]","[14, 61, 16, 12, 9, 10]",False,1,0
"[60, 9, 50, 13, 20, 5]","[40, 63, 45, 12, 27, 15]",False,0,0
"[60, 9, 50, 13, 20, 5]","[66, 28, 47, 56, 50, 20]",False,1,0
"[60, 9, 50, 13, 20, 5]","[11, 51, 5, 15, 69, 20]",False,0,0
"[60, 9, 50, 13, 20, 5]","[39, 59, 32, 43, 36, 13]",False,0,0
"[60, 9, 50, 13, 20, 5]","[57, 37, 4, 18, 68, 22]",False,0,0
"[60, 9, 50, 13, 20, 5]","[35, 65, 33, 11, 46, 3]",False,0,0
"[60, 9, 50, 13, 20, 5]","[44, 6, 10, 16, 45, 14]",False,0,0
"[60, 9, 50, 13, 20, 5]","[26, 49, 5, 3, 43, 5]",True,0,4
"[60, 9, 50, 13, 20, 5]","[35, 4, 16, 5, 8, 2]",False,0,0
"[60, 9, 50, 13, 20, 5]","[6, 52, 5, 60, 39, 16]",False,1,0
"[60, 9, 50, 13, 20, 5]","[27, 59, 24, 8, 21, 24]",False,0,0
"[60, 9, 50, 13, 20, 5]","[44, 65, 22, 31, 40, 2]",False,0,0
"[60, 9, 50, 13, 20, 5]","[47, 36, 6, 17, 3, 5]",True,0,4
"[60, 9, 50, 13, 20, 5]","[49, 33, 45, 5, 36, 16]",False,0,0
"[60, 9, 50, 13, 20, 5]","[23, 54, 47, 16, 50, 8]",False,1,0
"[60, 9, 50, 13, 20, 5]","[6, 67, 12, 5, 40, 6]",False,0,0
"[60, 9, 50, 13, 20, 5]","[22, 43, 8, 14, 45, 16]",False,0,0
"[60, 9, 50, 13, 20, 5]","[19, 8, 51, 44, 4, 16]",False,0,0
"[60, 9, 50, 13, 20, 5]","[59, 55, 5, 25, 14, 15]",False,0,0
"[60, 9, 50, 13, 20, 5]","[15, 54, 41, 30, 66, 24]",False,0,0
"[60, 9, 50, 13, 20, 5]","[44, 47, 37, 58, 14, 14]",False,0,0
"[60, 9, 50, 13, 20, 5]","[6, 46, 50, 22, 37, 14]",False,1,0
"[60, 9, 50, 13, 20, 5]","[18, 8, 58, 32, 64, 14]",False,0,0
"[60, 9, 50, 13, 20, 5]","[46, 38, 61, 5, 32, 11]",False,0,0
"[60, 9, 50, 13, 20, 5]","[25, 38, 20, 5, 52, 14]",False,1,0
"[60, 9, 50, 13, 20, 5]","[2, 57, 22, 66, 61, 4]",False,0,0
"[60, 9, 50, 13, 20, 5]","[39, 66, 10, 62, 31, 20]",False,0,0
"[60, 9, 50, 13, 20, 5]","[9, 33, 56, 38, 29, 4]",False,1,0
"[60, 9, 50, 13, 20, 5]","[46, 44, 33, 5, 67, 11]",False,0,0
"[60, 9, 50, 13, 20, 5]","[62, 43, 52, 37, 38, 12]",False,0,0
"[60, 9, 50, 13, 20, 5]","[11, 46, 59, 38, 62, 11]",False,0,0
"[60, 9, 50, 13, 20, 5]","[61, 26, 62, 65, 14, 10]",False,0,0
"[60, 9, 50, 13, 20, 5]","[64, 14, 40, 69, 6, 13]",False,0,0
"[60, 9, 50, 13, 20, 5]","[45, 55, 49, 8, 12, 22]",False,0,0
"[60, 9, 50, 13, 20, 5]","[22, 20, 15, 3, 39, 2]",False,1,0
"[60, 9, 50, 13, 20, 5]","[23, 9, 3, 25, 11, 23]",False,1,0
"[60, 9, 50, 13, 20, 5]","[21, 66, 18, 10, 43, 19]",False,0,0
"[60, 9, 50, 13, 20, 5]","[42, 16, 7, 55, 43, 5]",True,0,4
"[60, 9, 50, 13, 20, 5]","[58, 41, 9, 34, 6, 12]",False,1,0
"[60, 9, 50, 13, 20, 5]","[53, 45, 23, 14, 35, 4]",False,0,0
"[60, 9, 50, 13, 20, 5]","[63, 12, 14, 36, 2, 26]",False,0,0
"[60, 9, 50, 13, 20, 5]","[51, 16, 44, 42, 52, 15]",False,0,0
"[60, 9, 50, 13, 20, 5]","[5, 9, 15, 59, 39, 18]",False,1,0
"[60, 9, 50, 13, 20, 5]","[51, 63, 7, 55, 10, 1]",False,0,0
"[60, 9, 50, 13, 20, 5]","[22, 46, 34, 16, 11, 24]",False,0,0
"[60, 9, 50, 13, 20, 5]","[36, 61, 42, 1, 28, 9]",False,0,0
"[60, 9, 50, 13, 20, 5]","[52, 47, 48, 15, 14, 4]",False,0,0
"[60, 9, 50, 13, 20, 5]","[54, 59, 45, 28, 48, 7]",False,0,0
"[60, 9, 50, 13, 20, 5]","[11, 59, 4, 66, 1, 23]",False,0,0
"[60, 9, 50, 13, 20, 5]","[26, 20, 62, 59, 68, 15]",False,1,0
"[60, 9, 50, 13, 20, 5]","[68, 11, 19, 23, 34, 18]",False,0,0
"[60, 9, 50, 13, 20, 5]","[59, 17, 66, 65, 50, 10]",False,1,0
"[60, 9, 50, 13, 20, 5]","[63, 34, 49, 1, 28, 22]",False,0,0
"[60, 9, 50, 13, 20, 5]","[37, 27, 2, 32, 1, 10]",False,0,0
"[60, 9, 50, 13, 20, 5]","[52, 59, 17, 35, 68, 19]",False,0,0
"[60, 9, 50, 13, 20, 5]","[68, 10, 22, 50, 25, 18]",False,1,0
"[60, 9, 50, 13, 20, 5]","[1, 23, 31, 24, 35, 5]",True,0,4
"[60, 9, 50, 13, 20, 5]","[19, 13, 49, 66, 8, 13]",False,1,0
"[60, 9, 50, 13, 20, 5]","[29, 24, 30, 14, 45, 2]",False,0,0
"[60, 9, 50, 13, 20, 5]","[16, 40, 19, 45, 67, 26]",False,0,0
"[60, 9, 50, 13, 20, 5]","[3, 31, 63, 35, 64, 6]",False,0,0
"[60, 9, 50, 13, 20, 5]","[41, 54, 6, 3, 52, 24]",False,0,0
"[60, 9, 50, 13, 20, 5]","[27, 1, 54, 41, 35, 17]",False,0,0
"[60, 9, 50, 13, 20, 5]","[50, 49, 1, 33, 59, 10]",False,1,0
"[60, 9, 50, 13, 20, 5]","[5, 50, 9, 30, 46, 18]",False,2,0
"[60, 9, 50, 13, 20, 5]","[19, 23, 12, 21, 28, 21]",False,0,0
"[60, 9, 50, 13, 20, 5]","[56, 39, 49, 54, 16, 2]",False,0,0
"[60, 9, 50, 13, 20, 5]","[54, 12, 28, 18, 23, 23]",False,0,0
"[60, 9, 50, 13, 20, 5]","[49, 18, 55, 17, 32, 16]",False,0,0
"[60, 9, 50, 13, 20, 5]","[60, 32, 36, 13, 35, 8]",False,2,0
"[60, 9, 50, 13, 20, 5]","[9, 31, 22, 21, 4, 2]",False,1,0
"[60, 9, 50, 13, 20, 5]","[41, 4, 56, 59, 15, 1]",False,0,0
"[60, 9, 50, 13, 20, 5]","[30, 22, 35, 2, 20, 11]",False,1,0
"[60, 9, 50, 13, 20, 5]","[63, 68, 9, 25, 54, 4]",False,1,0
"[60, 9, 50, 13, 20, 5]","[12, 49, 45, 67, 32, 13]",False,0,0
"[60, 9, 50, 13, 20, 5]","[45, 34, 17, 12, 69, 5]",True,0,4
"[60, 9, 50, 13, 20, 5]","[27, 18, 66, 40, 54, 12]",False,0,0
"[60, 9, 50, 13, 20, 5]","[2, 19, 69, 9, 1, 17]",False,1,0
"[60, 9, 50, 13, 20, 5]","[65, 36, 52, 7, 50, 10]",False,1,0
"[60, 9, 50, 13, 20, 5]","[58, 35, 55, 69, 60, 23]",False,1,0
"[60, 9, 50, 13, 20, 5]","[60, 64, 5, 27, 43, 19]",False,1,0
"[60, 9, 50, 13, 20, 5]","[42, 12, 53, 2, 55, 7]",False,0,0
"[60, 9, 50, 13, 20, 5]","[28, 46, 26, 53, 44, 8]",False,0,0
"[60, 9, 50, 13, 20, 5]","[9, 58, 13, 54, 50, 15]",False,3,7
"[60, 9, 50, 13, 20, 5]","[32, 24, 60, 35, 7, 13]",False,1,0
"[60, 9, 50, 13, 20, 5]","[63, 61, 4, 10, 23, 14]",False,0,0
"[60, 9, 50, 13, 20, 5]","[63, 14, 20, 53, 18, 20]",False,1,0
"[60, 9, 50, 13, 20, 5]","[67, 63, 41, 5, 26, 26]",False,0,0
"[60, 9, 50, 13, 20, 5]","[47, 33, 29, 10, 32, 20]",False,0,0
"[60, 9, 50, 13, 20, 5]","[23, 16, 38, 24, 14, 19]",False,0,0
"[60, 9, 50, 13, 20, 5]","[63, 52, 8, 48, 40, 18]",False,0,0
"[60, 9, 50, 13, 20, 5]","[49, 62, 68, 58, 19, 20]",False,0,0
"[60, 9, 50, 13, 20, 5]","[47, 34, 22, 27, 24, 14]",False,0,0
"[60, 9, 50, 13, 20, 5]","[16, 46, 6, 7, 44, 8]",False,0,0
"[60, 9, 50, 13, 20, 5]","[44, 62, 47, 14, 32, 21]",False,0,0
"[60, 9, 50, 13, 20, 5]","[6, 30, 18, 45, 68, 1]",False,0,0
"[60, 9, 50, 13, 20, 5]","[49, 29, 8, 60, 12, 14]",False,1,0
"[60, 9, 50, 13, 20, 5]","[50, 12, 61, 2, 23, 2]",False,1,0
"[60, 9, 50, 13, 20, 5]","[65, 48, 22, 26, 33, 3]",False,0,0
"[60, 9, 50, 13, 20, 5]","[11, 53, 35, 32, 66, 18]",False,0,0
"[60, 9, 50, 13, 20, 5]","[26, 57, 58, 61, 43, 18]",False,0,0
"[60, 9, 50, 13, 20, 5]","[26, 60, 59, 44, 63, 17]",False,1,0
"[60, 9, 50, 13, 20, 5]","[20, 57, 39, 42, 51, 7]",False,1,0
"[60, 9, 50, 13, 20, 5]","[32, 46, 48, 69, 13, 6]",False,1,0
"[60, 9, 50, 13, 20, 5]","[63, 13, 23, 1, 36, 8]",False,1,0
"[60, 9, 50, 13, 20, 5]","[45, 46, 21, 33, 41, 10]",False,0,0
"[60, 9, 50, 13, 20, 5]","[13, 46, 55, 61, 21, 20]",False,1,0
"[60, 9, 50, 13, 20, 5]","[27, 53, 56, 23, 30, 8]",False,0,0
"[60, 9, 50, 13, 20, 5]","[59, 31, 67, 47, 1, 12]",False,0,0
"[60, 9, 50, 13, 20, 5]","[11, 38, 1, 2, 62, 22]",False,0,0
"[60, 9, 50, 13, 20, 5]","[11, 1, 9, 39, 66, 7]",False,1,0
"[60, 9, 50, 13, 20, 5]","[33, 4, 9, 49, 52, 17]",False,1,0
"[60, 9, 50, 13, 20, 5]","[58, 12, 46, 15, 3, 17]",False,0,0
"[60, 9, 50, 13, 20, 5]","[35, 53, 20, 14, 50, 22]",False,2,0
"[60, 9, 50, 13, 20, 5]","[34, 63, 50, 43, 36, 19]",False,1,0
"[60, 9, 50, 13, 20, 5]","[9, 27, 58, 37, 42, 26]",False,1,0
"[60, 9, 50, 13, 20, 5]","[26, 12, 62, 36, 19, 12]",False,0,0
"[60, 9, 50, 13, 20, 5]","[61, 21, 37, 26, 12, 13]",False,0,0
"[60, 9, 50, 13, 20, 5]","[3, 35, 32, 20, 56, 9]",False,1,0
"[60, 9, 50, 13, 20, 5]","[34, 7, 45, 38, 54, 12]",False,0,0
"[60, 9, 50, 13, 20, 5]","[64, 59, 11, 32, 67, 16]",False,0,0
"[60, 9, 50, 13, 20, 5]","[37, 47, 59, 23, 11, 17]",False,0,0
"[60, 9, 50, 13, 20, 5]","[47, 10, 18, 9, 20, 14]",False,2,0
"[60, 9, 50, 13, 20, 5]","[69, 34, 4, 39, 61, 7]",False,0,0
"[60, 9, 50, 13, 20, 5]","[47, 4, 50, 22, 20, 10]",False,2,0
"[60, 9, 50, 13, 20, 5]","[31, 66, 69, 17, 14, 12]",False,0,0
"[60, 9, 50, 13, 20, 5]","[17, 1, 54, 66, 52, 25]",False,0,0
"[60, 9, 50, 13, 20, 5]","[33, 31, 8, 19, 52, 6]",False,0,0
"[60, 9, 50, 13, 20, 5]","[23, 44, 65, 62, 21, 16]",False,0,0
"[60, 9, 50, 13, 20, 5]","[17, 8, 68, 36, 50, 26]",False,1,0
"[60, 9, 50, 13, 20, 5]","[23, 43, 29, 15, 69, 5]",True,0,4
"[60, 9, 50, 13, 20, 5]","[47, 36, 66, 53, 35, 12]",False,0,0
"[60, 9, 50, 13, 20, 5]","[67, 44, 23, 24, 31, 4]",False,0,0
"[60, 9, 50, 13, 20, 5]","[65, 50, 66, 57, 60, 14]",False,2,0
"[60, 9, 50, 13, 20, 5]","[3, 57, 47, 7, 54, 22]",False,0,0
"[60, 9, 50, 13, 20, 5]","[46, 6, 63, 16, 8, 17]",False,0,0
"[60, 9, 50, 13, 20, 5]","[6, 8, 43, 9, 51, 1]",False,1,0
"[60, 9, 50, 13, 20, 5]","[17, 28, 44, 10, 21, 16]",False,0,0
"[60, 9, 50, 13, 20, 5]","[47, 63, 32, 43, 66, 5]",True,0,4
"[60, 9, 50, 13, 20, 5]","[16, 12, 24, 33, 18, 6]",False,0,0
"[60, 9, 50, 13, 20, 5]","[31, 21, 18, 22, 61, 9]",False,0,0
"[60, 9, 50, 13, 20, 5]","[33, 63, 32, 61, 22, 1]",False,0,0
"[60, 9, 50, 13, 20, 5]","[9, 38, 58, 54, 61, 1]",False,1,0
"[60, 9, 50, 13, 20, 5]","[48, 41, 5, 67, 53, 9]",False,0,0
"[60, 9, 50, 13, 20, 5]","[48, 28, 58, 68, 29, 19]",False,0,0
"[60, 9, 50, 13, 20, 5]","[59, 60, 57, 24, 16, 19]",False,1,0
"[60, 9, 50, 13, 20, 5]","[30, 4, 23, 60, 10, 13]",False,1,0
"[60, 9, 50, 13, 20, 5]","[3, 16, 54, 60, 27, 1]",False,1,0
"[60, 9, 50, 13, 20, 5]","[17, 49, 29, 3, 12, 17]",False,0,0
"[60, 9, 50, 13, 20, 5]","[69, 56, 4, 6, 43, 8]",False,0,0
"[60, 9, 50, 13, 20, 5]","[17, 67, 38, 16, 52, 24]",False,0,0
"[60, 9, 50, 13, 20, 5]","[68, 12, 28, 18, 9, 17]",False,1,0
"[60, 9, 50, 13, 20, 5]","[4, 46, 19, 59, 11, 1]",False,0,0
"[60, 9, 50, 13, 20, 5]","[19, 35, 17, 3, 4, 18]",False,0,0
"[60, 9, 50, 13, 20, 5]","[65, 38, 18, 17, 40, 3]",False,0,0
"[60, 9, 50, 13, 20, 5]","[33, 47, 25, 32, 53, 23]",False,0,0
